consulta,titulo,resumo,link,fonte,data,posicao,estado_heuristico
"""Melhor em Casa"" OR ""atencao domiciliar"" informacoes",Melhor em casa — Ministério da Saúde,O Melhor em Casa oferece ... Profissionais de saúde da equipe de Atenção Domiciliar visitam o paciente regularmente para fornecer o tratamento necessário.,https://www.gov.br/saude/pt-br/composicao/saes/melhor-em-casa,GOV.BR,"['Melhor em Casa', 'Atenção Domiciliar']",1,PA
"""Melhor em Casa"" OR ""atencao domiciliar"" informacoes",Caderno de atenção domiciliar - Biblioteca Virtual em Saúde,"Pelas características da atenção domiciliar, já comentadas neste capítulo, o PTS representa um importante ... Melhor em Casa, aumenta- se a preocupação com ...",https://bvsms.saude.gov.br/bvs/publicacoes/caderno_atencao_domiciliar_melhor_casa.pdf,Biblioteca Virtual em Saúde MS,"['atenção domiciliar', 'Melhor em Casa']",2,SE
"""Melhor em Casa"" OR ""atencao domiciliar"" informacoes",Manual Instrutivo do Melhor em Casa,"c) Descrição do funcionamento do SAD, coerente com os princípios da atenção domiciliar; ... Melhor em Casa. Melhor em Casa. A SEGURANÇA DO ...",http://189.28.128.100/dab/docs/geral/cartilha_melhor_em_casa.pdf,189.28.128,27 de out. de 2011,3,NA
"""Melhor em Casa"" OR ""atencao domiciliar"" informacoes",Programa Melhor em Casa,"Com o lançamento do Programa Melhor em Casa, em 2011, a qualificação e ampliação da Atenção Domiciliar no Sistema Único de Saúde (SUS) foram colocadas como ...",https://www.mpba.mp.br/sites/default/files/biblioteca/saude/temas-em-saude/atendimento_medico_domiciliar/melhor_em_casa_manual_monitoramento_avaliacao_programa.pdf,Ministério Público do Estado da Bahia. |,"['Melhor em Casa', 'Atenção Domiciliar']",4,BA
"""Melhor em Casa"" OR ""atencao domiciliar"" informacoes",PROTOCOLO DE SERVIÇO DE ATENÇÃO DOMICILIAR ...,"SERVIÇO DE ATENÇÃO DOMICILIAR/PROGRAMA MELHOR EM CASA. 5. 2.1. Classificação das modalidades AD1, AD2 e AD3. 7. 3. OBJETIVOS DO PROGRAMA MELHOR EM CASA. 10. 4 ...",https://s3cache.dom.sc.gov.br/atos/2024/05/1717015728_protocolo_mec_bigua_dia_vinte_e_seis_de_fevereiro_2__1.pdf,DOM/SC,"['ATENÇÃO DOMICILIAR', 'MELHOR EM CASA', 'MELHOR EM CASA']",5,SC
"""Melhor em Casa"" OR ""atencao domiciliar"" informacoes",Programa Melhor em Casa leva atendimento especializado ...,"Integrado à Secretaria de Atenção Especializada à Saúde (SAES), o Melhor em Casa organiza o Serviço de Atenção Domiciliar (SAD) em ...",https://www.gov.br/saude/pt-br/assuntos/noticias/2026/janeiro/programa-melhor-em-casa-leva-atendimento-especializado-ao-domicilio-de-pacientes-do-sus,www.gov.br,21 de jan. de 2026,6,NA
"""Melhor em Casa"" OR ""atencao domiciliar"" informacoes",Serviço de Atenção Domiciliar - Melhor em Casa – POA,Serviço de Atenção Domiciliar - Melhor em Casa – POA. O Programa Melhor em Casa é um programa de atenção domiciliar que tem por objetivos: • Promover a ...,http://lproweb.procempa.com.br/pmpa/prefpoa/sms/usu_doc/programa_melhor_em_casa.pdf,procempa.com.br,"['Atenção Domiciliar', 'Melhor em Casa', 'Melhor em Casa', 'atenção domiciliar']",7,NA
"""Melhor em Casa"" OR ""atencao domiciliar"" informacoes",Organização da atenção domiciliar com o Programa ...,Aceitaram participar do estudo 19 municípios que ofertam Serviços de Atenção Domiciliar vinculados ao Programa Melhor em Casa. A coleta de dados ocorreu entre ...,https://www.scielo.br/j/rgenf/a/npgPRKrXL4gftMvhvnQhzqd/,SciELO,"['Atenção Domiciliar', 'Melhor em Casa']",8,NA
"""Melhor em Casa"" OR ""atencao domiciliar"" informacoes",Melhor em Casa,"O serviço de atenção domiciliar no município de Bento Gonçalves, está ativo desde 2005, e a implementação do Programa Melhor em Casa ocorreu no ano de 2012 ( ...",https://www.bentogoncalves.rs.gov.br/melhor-em-casa/,Prefeitura Municipal de Bento Gonçalves,"['atenção domiciliar', 'Melhor em Casa']",9,RS
"""Melhor em Casa"" OR ""atencao domiciliar"" informacoes",Programa Melhor em Casa (PMC),"O Programa Melhor em Casa, sem sombra de dúvida, representa um grande avanço no fortalecimento da atenção domiciliar no âmbito do SUS, e deve ser garantido ...",https://procuradaela.org.br/programa-melhor-em-casa-pmc/,Associação Pró-Cura da ELA,"['Melhor em Casa', 'atenção domiciliar']",2,NA
"""Melhor em Casa"" OR ""atencao domiciliar"" informacoes",Prefeito Roberto Cláudio lança Programa Melhor em Casa,"O prefeito Roberto Cláudio lançou, nesta segunda-feira (27/01), no Teatro São José, o Programa Melhor em Casa, Serviço de Atenção Domiciliar ...",https://www.fortaleza.ce.gov.br/noticias/prefeito-roberto-claudio-lanca-programa-melhor-em-casa,Prefeitura de Fortaleza,27 de jan. de 2020,3,CE
"""Melhor em Casa"" OR ""atencao domiciliar"" informacoes",🏠 O Programa Melhor em Casa é considerado o maior ...,"O Programa Melhor em Casa é considerado o maior hospital público do país! Em 2023, mais de 5 milhões de atendimentos foram realizados.",https://www.instagram.com/p/DDR5tW8t0Ya/,Instagram · minsaude,['Melhor em Casa'],5,NA
"""Melhor em Casa"" OR ""atencao domiciliar"" informacoes",Programa Melhor em Casa realiza cuidados em domicílio ...,Programa Melhor em Casa realiza cuidados em domicílio e evita ... Atenção Domiciliar (SAD) desenvolvido no Hospital Geral de Palmas (HGP).,https://www.to.gov.br/saude/noticias/programa-melhor-em-casa-realiza-cuidados-em-domicilio-e-evita-superlotacao-de-hospitais/58psfmpixiyg,Governo do Tocantins,12 de nov. de 2018,6,TO
"""Melhor em Casa"" OR ""atencao domiciliar"" informacoes",Programa 'Melhor em Casa' é um dos destaques ...,Programa 'Melhor em Casa' é um dos destaques da Secretaria da Saúde de Fernandópolis ... O serviço de atenção domiciliar tem avançado ...,https://www.fernandopolis.sp.gov.br/noticias/saude/-programa-melhor-em-casa-e-um-dos-destaques-da-secretaria-da-saude-de-fernandopolis-,Prefeitura de Fernandópolis,18 de ago. de 2022,7,SP
"""Melhor em Casa"" OR ""atencao domiciliar"" informacoes","Com atendimento domiciliar, Melhor em Casa leva ...","Com atendimento domiciliar, Melhor em Casa leva cuidado e atendimento humanizado a pacientes em Jundiaí. Publicada em 20/03/2026 às 10:10. Uma ...",https://jundiai.sp.gov.br/noticias/2026/03/20/com-atendimento-domiciliar-melhor-em-casa-leva-cuidado-e-atendimento-humanizado-a-pacientes-em-jundiai/,Prefeitura de Jundiaí,20 de mar. de 2026,8,SP
"""Melhor em Casa"" OR ""atencao domiciliar"" informacoes",Atenção Domiciliar – Melhor em Casa,"Atenção Domiciliar – Melhor em Casa · Ouvir · Com abordagens diferenciadas, esse tipo de serviço está disponível no Sistema Único de Saúde (SUS).",https://uai.spdmafiliadas.org.br/atencao-domiciliar-melhor-em-casa/,SPDM Afiliadas,"['Atenção Domiciliar', 'Melhor em Casa']",9,NA
"""Melhor em Casa"" OR ""atencao domiciliar"" informacoes",Programa Melhor em Casa completa dois anos de ...,"Implantado há dois anos pela Secretaria de Saúde, o programa Melhor em Casa, mantido pelo Serviço de Atenção Domiciliar (SAD), realizou cerca de ...",https://www.petropolis.rj.gov.br/pmp/index.php/noticias/item/13293-programa-melhor-em-casa-completa-dois-anos-de-implanta%C3%A7%C3%A3o,Prefeitura Municipal de Petrópolis,6 de jun. de 2019,10,RJ
"""Melhor em Casa"" OR ""atencao domiciliar"" informacoes",Melhor em Casa presta atendimento a 52...,O Programa Melhor em Casa é uma assistência para pessoas que estejam em situações nas quais a atenção domiciliar é a mais indicada para seu tratamento. “Esse ...,https://www.ilhabela.sp.gov.br/portal/noticias/0/3/5817/melhor-em-casa-presta-atendimento-a-52-pacientes-em-ilhabela,Prefeitura Municipal de Ilhabela,"['Melhor em Casa', 'atenção domiciliar']",1,PA
"""Melhor em Casa"" OR ""atencao domiciliar"" informacoes",Ministério da Saúde,"O Programa Melhor em Casa, criado em 2011, é dedicado ao cuidado multiprofissional em saúde e oferece tratamento de doenças, prevenção de ...",https://www.facebook.com/minsaude/posts/-o-programa-melhor-em-casa-criado-em-2011-%C3%A9-dedicado-ao-cuidado-multiprofissiona/972919228213452/,Facebook · Ministério da Saúde,['Melhor em Casa'],2,NA
"""Melhor em Casa"" OR ""atencao domiciliar"" informacoes",Pacientes acamados serão beneficiados pelo programa,"... Melhor em Casa”. Pacientes acamados serão beneficiados pelo programa ""Melhor em Casa"". Para atender pacientes acamados e/ou que não podem se locomover até as ...",https://www.rancharia.sp.gov.br/portal/noticias/0/3/13875/pacientes-acamados-serao-beneficiados-pelo-programa-melhor-em-casa,Prefeitura Municipal de Rancharia - SP,"['Melhor em Casa', 'Melhor em Casa']",3,PA
"""Melhor em Casa"" OR ""atencao domiciliar"" como funciona",Melhor em Casa Belém: 10 anos oferecendo atendimento ...,"... atenção domiciliar (Emad) do Programa, o critério para participar do “Melhor em Casa Belém” segue as seguintes etapas: é preciso que o ...",https://agencia.belem.pa.gov.br/melhor-em-casa-belem-10-anos-oferecendo-atendimento-domiciliar/,Belem.pa.gov.br,11 de mai. de 2025,5,PA
"""Melhor em Casa"" OR ""atencao domiciliar"" como funciona",Atenção Domiciliar - Secretaria Municipal da Saúde,"Conheça o Programa Melhor em Casa É um Serviço de Atenção Domiciliar (SAD), criado pelo Governo Federal com o objetivo de ampliar o ...",https://prefeitura.sp.gov.br/web/saude/w/atencao_basica/12923,Prefeitura de São Paulo,"['Melhor em Casa', 'Atenção Domiciliar']",8,SP
"""Melhor em Casa"" OR ""atencao domiciliar"" como funciona",Programa Melhor em Casa – PMeC,"Programa Melhor em Casa – PMeC. O programa é uma das estratégias do Ministério da Saúde, criado em 2011, para promover a atenção domiciliar no SUS, configurando ...",https://www.saude.ba.gov.br/atencao-a-saude/dae/programa-melhor-em-casa-pmec/,Sesab,"['Melhor em Casa', 'atenção domiciliar']",2,PA
"""Melhor em Casa"" OR ""atencao domiciliar"" como funciona",Programa Melhor em Casa presta atendimento ...,... Melhor em Casa - Serviço de Atenção Domiciliar (EMAD/EMAP). O serviço é indicado para atender pacientes que necessitam de assistência médica ...,https://www.fortaleza.ce.gov.br/noticias/programa-melhor-em-casa-presta-atendimento-humanizado-em-domicilio-na-capital,Prefeitura de Fortaleza,12 de set. de 2022,4,PA
"""Melhor em Casa"" OR ""atencao domiciliar"" como funciona",Programa Melhor em Casa | Sua Saúde na Rede,Programa Melhor em Casa | Sua Saúde na Rede. 22K views · 7 years ago ... VAMOS APRENDER UM POUQUINHO SOBRE A ATENÇÃO DOMICILIAR... Prof ...,https://www.youtube.com/watch?v=1bT9yYsyb5E,YouTube · Sua Saúde na Rede,,5,NA
"""Melhor em Casa"" OR ""atencao domiciliar"" como funciona",Programa Melhor em Casa leva atendimentos médicos ...,"Em Nova Iguaçu, o Programa Melhor em Casa tem oito equipes de atenção domiciliar, com médicos, enfermeiros, fisioterapeutas e técnicos de ...",https://novaiguacu.rj.gov.br/2023/08/31/programa-melhor-em-casa-leva-atendimentos-medicos-nas-residencias-dos-pacientes/,Prefeitura de Nova Iguaçu,31 de ago. de 2023,7,RJ
"""Melhor em Casa"" OR ""atencao domiciliar"" como funciona",programa melhor em casa - Seu próximo passo é ganhar,Usar programa melhor em casa melhora a fluidez das rodadas e acaba virando parte da rotina. - O interessante é que o fluxo geral melhora muito de modo natural.,https://www.cbhriodoisrios.org.br/?video=programa-melhor-em-casa,Comitê Rio Dois Rios,['melhor em casa'],2,NA
"""Melhor em Casa"" OR ""atencao domiciliar"" como funciona",Vamos conhecer como funciona o programa Melhor em Casa! ...,"Programa Melhor em Casa a Prefeitura de Joaquim Gomes leva cuidado e atendimento médico direto a casa dos nossos pacientes, tudo começa com a equipe se ...",https://www.instagram.com/reel/DHT5u5MOpyk/,Instagram,['Melhor em Casa'],3,SE
"""Melhor em Casa"" OR ""atencao domiciliar"" como funciona",PROGRAMA MELHOR EM CASA COMEÇA HOJE EM ...,PROGRAMA MELHOR EM CASA COMEÇA HOJE EM MARACANÃ ... O Programa procura também diminuir os índices de internados no Hospital e aumentar a cobertura de atendimentos ...,https://maracana.pa.gov.br/programa-melhor-em-casa-comeca-hoje-em-maracana-2/,Prefeitura Municipal de Maracanã,['MELHOR EM CASA'],6,PA
"""Melhor em Casa"" OR ""atencao domiciliar"" como funciona",Você conhece o Programa Melhor em Casa? Ele leva ...,Você conhece o Programa Melhor em Casa? Ele leva atendimento de saúde de qualidade até a casa de quem mais precisa — em todos os cantos da cidade!...,https://www.facebook.com/pmsaposse/posts/voc%C3%AA-conhece-o-programa-melhor-em-casaele-leva-atendimento-de-sa%C3%BAde-de-qualidade/1273999521431799/,Facebook,['Melhor em Casa'],7,NA
"""Melhor em Casa"" OR ""atencao domiciliar"" como funciona","o desafio de cuidar | Belo Horizonte; s.n; 2020. 104 p. ilus., tab. ...","... Melhor em casa: o desafio de cuidar. Melhor em ... funciona na prática, levantando possíveis lacunas e potencialidades. ... Considera-se que a atenção domiciliar ...",https://busqueda.bvsalud.org/portal/resource/pt/biblio-1377917,BVS,"['Melhor em casa', 'Melhor em', 'funciona', 'atenção domiciliar']",8,SE
"""Melhor em Casa"" OR ""atencao domiciliar"" como funciona",Secretaria de Saúde segue com programas Melhor em Casa e ...,Hoje são atendidas 13 grávidas (7 de Alto Risco e 6 de risco intermediário) e 34 pacientes no Melhor em Casa. ... atenção domiciliar é a mais indicada para o seu ...,https://chopinzinho.pr.gov.br/noticias_individual/508,Prefeitura Municipal de Chopinzinho/PR,"['Melhor em Casa', 'atenção domiciliar']",9,PA
"""Melhor em Casa"" OR ""atencao domiciliar"" como funciona",Tem dúvidas sobre como funciona o encaminhamento para ...,... funciona o encaminhamento para o Melhor em Casa ... O Grupo Essencial tem o orgulho de apoiar o Simpósio Sudeste de Atenção Domiciliar ... Join Melhor em Casa ...,https://www.instagram.com/p/DU6OXFHiaHC/,Instagram,"['funciona', 'Melhor em Casa', 'Atenção Domiciliar', 'Melhor em Casa']",1,PA
"""Melhor em Casa"" OR ""atencao domiciliar"" como funciona",O que é e como funciona o Home Care: os cuidados de saúde ...,... Atenção Domiciliar para aquele caso específico. Sistema Único de ... Melhor em Casa – É um programa criado pelo governo federal para ...,https://blog.homedoctor.com.br/como-funciona-o-home-care/,homedoctor.com.br,31 de out. de 2023,2,PA
"""Melhor em Casa"" OR ""atencao domiciliar"" como funciona",SAÚDE | Campo Maior agora conta com o Serviço de Atenção ...,"Em Campo Maior, a Equipe Multiprofissional do Serviço de Atenção Domiciliar – Melhor em Casa será formada por 01 Médico, 01 Enfermeiro, 02 ...",https://www.campomaior.pi.gov.br/noticia/697-saude-%7C-campo-maior-agora-conta-com-o-servico-de-atencao-domiciliar-%E2%80%93-melhor-em-casa--veja-como-funciona,campomaior.pi.gov.br,13 de set. de 2021,3,PI
"""Melhor em Casa"" OR ""atencao domiciliar"" como funciona",Atenção Domiciliar,Atenção Domiciliar. A+ A- · reabilitação funcional; · educação em saúde; · incentivo ao autocuidado e autonomia; · prevenção de complicações e manifestações mais ...,https://www2.geap.com.br/ATENCAO-DOMICILIAR/atencao-domiciliar.asp,GEAP,['Atenção Domiciliar'],4,NA
"""Melhor em Casa"" OR ""atencao domiciliar"" como funciona",Atenção Domiciliar | Como funciona e por que é importante -,"A Atenção Domiciliar é uma forma de cuidado à saúde que entrega aos pacientes um conjunto amplo de cuidados. As ações de promoção à saúde, ...",https://www.pronep.com.br/blog/atencao-domiciliar-o-que-e/,Pronep Life Care,3 de mar. de 2021,5,NA
"""Melhor em Casa"" OR ""atencao domiciliar"" como funciona",SAÚDE TERÁ MUTIRÃO PARA REDUZIR FILA DE...,"Paralelamente, a Secretaria de Saúde lança o programa “Melhor em Casa”, que contará com uma equipe multidisciplinar para atendimento domiciliar. O objetivo é ...",https://www.aparecida.sp.gov.br/portal/noticias/0/3/4510/saude-tera-mutirao-para-reduzir-fila-de-consultas-e-lanca-programa-melhor-em-casa,Prefeitura de Aparecida,['Melhor em Casa'],6,PA
"""Melhor em Casa"" OR ""atencao domiciliar"" como funciona",Diretora-superintendente do GHC recebe representante do ...,"O Melhor em Casa está reabilitando os pacientes em domicílio, garantindo a continuidade do tratamento integrado à rede de atenção à saúde. Além disso, o ...",https://www.ghc.com.br/noticia.aberta.asp?idRegistro=8257,Grupo Hospitalar Conceição,['Melhor em Casa'],7,NA
"""Melhor em Casa"" OR ""atencao domiciliar"" como funciona",Protocolo de Serviço de Atenção Domiciliar – EMAD/EMAP ...,SERVIÇO DE ATENÇÃO DOMICILIAR/PROGRAMA MELHOR EM CASA ........ 5. 2.1 ... Reabilitação: incapacidade funcional para atividades da vida diária. (AVDs) e ...,https://observasaudecatanduva.sp.gov.br/wp-content/uploads/2021/01/Protocolo-de-Servico-de-Atencao-Domiciliar-%E2%80%93-EMAD-EMAP-do-Municipio-de-Catanduva-PROTEGIDO.pdf,Observatório Saúde Catanduva,"['ATENÇÃO DOMICILIAR', 'MELHOR EM CASA']",8,PA
"""Melhor em Casa"" OR ""atencao domiciliar"" criterios de acesso","Portaria GM/MS nº 3.005, de 2 de janeiro de 2024","... regras do Serviço de Atenção Domiciliar (SAD) e do Programa Melhor em Casa (PMeC). O MINISTRO DE ESTADO DA SAÚDE, SUBSTITUTO, no uso das ...",https://bvsms.saude.gov.br/bvs/saudelegis/gm/2024/prt3005_05_01_2024.html,Biblioteca Virtual em Saúde MS,2 de jan. de 2024,3,MS
"""Melhor em Casa"" OR ""atencao domiciliar"" criterios de acesso",Documentos técnicos - Atenção domiciliar,Documentos técnicos - Atenção domiciliar · Caderno do Melhor em Casa - Volume 1 · Caderno do Melhor em Casa - Volume 2 · Caderno do Melhor em Casa ...,https://prefeitura.sp.gov.br/web/saude/w/atencao_basica/347460,Prefeitura de São Paulo,4 de set. de 2025,5,SP
"""Melhor em Casa"" OR ""atencao domiciliar"" criterios de acesso",SERVIÇOS DE ATENÇÃO DOMICILIAR: CRITÉRIOS DE ...,"De acordo com as normativas do Programa Melhor em Casa, a alta da atenção domiciliar refere-se ao encerramento da prestação dos serviços decorrente da melhora ...",https://www.redalyc.org/journal/408/40848190013/html/,Redalyc.org,"['Melhor em Casa', 'atenção domiciliar']",7,SE
"""Melhor em Casa"" OR ""atencao domiciliar"" criterios de acesso",caracterização dos serviços de atenção domiciliar Melhor ...,Organização da atenção domiciliar com o Programa Melhor em Casa. Rev Gaúcha Enferm. 2018;39(1):e2016-0002. http://dx.doi.org/10.1590/1983-1447.2018.2016 ...,https://www.scielo.br/j/ean/a/QwgZ57nPfYZLqSxdfTCg4rM/?lang=pt,SciELO,"['atenção domiciliar', 'Melhor em Casa']",9,NA
"""Melhor em Casa"" OR ""atencao domiciliar"" criterios de acesso",PROGRAMA MELHOR EM CASA : atenção domiciliar ...,"O Serviço de Atenção Domiciliar do Melhor em casa em Maravilha teve início à cinco anos e conta com um médico clínico geral, uma enfermeira, uma técnica em ...",https://esp.saude.sc.gov.br/index.php/component/phocadownload/category/9-noticias?download=36:programa-melhor-em-casa-atencao-domiciliar-como-forma-de-cuidado-integral-e-humanizado,Escola de Saúde Pública de Santa Catarina,"['Atenção Domiciliar', 'Melhor em casa']",10,SC
"""Melhor em Casa"" OR ""atencao domiciliar"" criterios de acesso",Programa Melhor em Casa - Prefeitura de Angra dos Reis,Programa Melhor em Casa. Saúde. O Programa Melhor em Casa é um programa de atenção domiciliar que tem por objetivos: Promover a desospitalização dos ...,https://cartadeservicos.angra.rj.gov.br/servico.asp?c=540,Prefeitura de Angra dos Reis,"['Melhor em Casa', 'Melhor em Casa', 'atenção domiciliar']",3,RJ
"""Melhor em Casa"" OR ""atencao domiciliar"" criterios de acesso",Programa Melhor em Casa garante atendimento ...,"... Atenção Domiciliar), responsável pela avaliação inicial e admissão do paciente e; ... Vanessa pontua que o acesso ao Programa Melhor em Casa ...",https://www.primaveradoleste.mt.gov.br/Imprensa/Noticias/Programa-melhor-em-casa-garante-atendimento-humanizado-e-especializado-no-domicilio-em-primavera-do-leste-11017/,Prefeitura de Primavera do Leste,22 de jan. de 2026,4,MT
"""Melhor em Casa"" OR ""atencao domiciliar"" criterios de acesso",Perfil e condições clínicas de pacientes atendidos no ...,Perfil e condições clínicas de pacientes atendidos no programa “Melhor em Casa”. INTRODUÇÃO. A Atenção Domiciliar (AD) é uma das atribuições da Atenção Primária ...,https://periodicos.ufpe.br/revistas/index.php/revistaenfermagem/258610PT,Universidade Federal de Pernambuco - UFPE,"['Melhor em Casa', 'Atenção Domiciliar']",5,PE
"""Melhor em Casa"" OR ""atencao domiciliar"" criterios de acesso",Atenção domiciliar,"Assim, o ""Melhor em Casa"" complementa a Atenção Domiciliar ao reforçar a importância da continuidade do cuidado e a redução da sobrecarga hospitalar. 29/01 ...",https://www.saude.df.gov.br/atencao-domiciliar,Secretaria de Saúde do Distrito Federal,"['Melhor em Casa', 'Atenção Domiciliar']",7,DF
"""Melhor em Casa"" OR ""atencao domiciliar"" criterios de acesso",Atenção domiciliar Unimed-BH: como funciona e como ...,O objetivo do serviço de atenção domiciliar é proporcionar aos pacientes que preenchem os critérios de elegibilidade para cada programa um ...,https://viverbem.unimedbh.com.br/unimed-bh/atencao-domiciliar/,Viver Bem Unimed-BH,20 de set. de 2022,8,PA
"""Melhor em Casa"" OR ""atencao domiciliar"" criterios de acesso",Nota Informativa nº 5/2025-CGADOM/DAHU/SAES/MS,"Orientações sobre a atuação das Equipes dos Serviços de Atenção Domiciliar (SAD), vinculadas ao Programa Melhor em Casa.",https://www.gov.br/saude/pt-br/composicao/saes/melhor-em-casa/notas-tecnicas-e-informativas/nota-informativa-no-5-2025-cgadom-dahu-saes-ms,www.gov.br,19 de mar. de 2025,9,MS
"""Melhor em Casa"" OR ""atencao domiciliar"" criterios de acesso",Programa Melhor em Casa leva atendimento especializado ao ...,"Em geral, o serviço é direcionado a pessoas com condições ... condições de Serviço de Atenção Domiciliar (SAD), o Programa Melhor em Casa em nosso município.",https://www.instagram.com/p/DUIvdTKkump/,Instagram,"['Atenção Domiciliar', 'Melhor em Casa']",10,NA
"""Melhor em Casa"" OR ""atencao domiciliar"" criterios de acesso",PROGRAMA MELHOR EM CASA: CUIDADO DOMICILIAR ...,Este estudo procurou avaliar a efetividade do cuidado domiciliar a idosos no âmbito do Programa Melhor em Casa ... Atenção Domiciliar (SAD) e do Programa Melhor ...,https://revistaft.com.br/programa-melhor-em-casa-cuidado-domiciliar-prestado-a-idosos/,RevistaFT,"['Melhor em Casa', 'Atenção Domiciliar', 'Melhor']",4,NA
"""Melhor em Casa"" OR ""atencao domiciliar"" criterios de acesso",MANUAL DE ATENÇÃO DOMICILIAR,"sitários, Programa Melhor em Casa ... NÚCLEO NACIONAL DAS EMPRESAS DE SERVIÇOS DE ATENÇÃO DOMICILIAR. MANUAL DE ATENÇÃO DOMICILIAR. Critérios técnicos para ...",http://www.anahp.com.br/wp-content/uploads/2022/12/Manual_de_Atendimento_Domiciliar_versaofinal.pdf,Anahp - Associação Nacional de Hospitais Privados,"['Melhor em Casa', 'ATENÇÃO DOMICILIAR', 'ATENÇÃO DOMICILIAR', 'Critérios']",5,PA
"""Melhor em Casa"" OR ""atencao domiciliar"" criterios de acesso",Desafios e Perspectivas na Atenção Domiciliar,PROGRAMA MELHOR EM CASA: DESAFIOS E PERSPECTIVAS NA ATENÇÃO DOMICILIAR - REVISÃO DE LITERATURA. BETTER AT HOME PROGRAM: CHALLENGES AND PERSPECTIVES IN HOME ...,https://revistasaudecoletiva.com.br/index.php/saudecoletiva/article/view/3741/5099,Saúde Coletiva (Barueri),"['MELHOR EM CASA', 'ATENÇÃO DOMICILIAR']",6,NA
"""Melhor em Casa"" OR ""atencao domiciliar"" criterios de acesso",CAB/SEABVES Nº1/2023 Serviço de Atenção Domiciliar,Serviço de Atenção Domiciliar - Programa Melhor em Casa. Atualizada em 20/06/2024 – 4º versão. I. INTRODUÇÃO. O ciclo completo da Assistência ...,https://www.prefeitura.sp.gov.br/cidade/secretarias/upload/instrucao_normativa_melhor_em_casa_jun24.pdf,Prefeitura de São Paulo,20 de jun. de 2024,7,SP
"""Melhor em Casa"" OR ""atencao domiciliar"" criterios de acesso",caracterização dos serviços de atenção domiciliar,Organização da atenção domiciliar com o Programa. Melhor em Casa. Rev Gaúcha ... Satisfação do usuário da Atenção Primária no Distrito. Federal: a importância do ...,https://www.scielo.br/j/ean/a/QwgZ57nPfYZLqSxdfTCg4rM/?format=pdf&lang=pt,SciELO,"['atenção domiciliar', 'Melhor em Casa']",8,NA
"""Melhor em Casa"" OR ""atencao domiciliar"" criterios de acesso",FLUXO PROGRAMA MELHOR EM CASA BVAPS,O Programa Melhor em Casa é um programa de atenção domiciliar que tem por objetivos: ... critérios de inclusão no programa: Residir no município de Porto ...,https://prefeitura.poa.br/sites/default/files/usu_doc/hotsites/sms/bvaps-biblioteca-virtual-de-atencao-primaria-saude/FLUXO%20PROGRAMA%20MELHOR%20EM%20CASA%20BVAPS.pdf,Prefeitura de Porto Alegre,"['Melhor em Casa', 'atenção domiciliar', 'critérios']",10,NA
"""Melhor em Casa"" OR ""atencao domiciliar"" criterios de acesso",Melhor em Casa: atendimento médico especializado é ...,"Instituído pelo governo federal em 2011, o Serviço de Atenção Domiciliar ... critérios de elegibilidade para o Melhor em Casa. Quando nos ...",https://www.saocristovao.se.gov.br/noticia/melhor-em-casa-atendimento-medico-especializado-e-realizado-na-casa-dos-pacientes-em-sao-cristovao,Prefeitura Municipal de São Cristóvão - SE,17 de dez. de 2020,3,PA
"""Melhor em Casa"" OR ""atencao domiciliar"" criterios de acesso",Atenção Domiciliar — Ministério da Saúde,... Atenção Domiciliar (SAD) – Melhor em Casa. A Atenção Domiciliar proporciona ao paciente um cuidado ligado diretamente aos aspectos referentes à estrutura ...,https://www.gov.br/saude/pt-br/composicao/saes/dahu/atencao-domiciliar,GOV.BR,"['Atenção Domiciliar', 'Melhor em Casa', 'Atenção Domiciliar']",4,NA
"""Melhor em Casa"" OR ""atencao domiciliar"" cobertura",Programa Melhor em Casa realiza mais de 2 mil ...,Programa Melhor em Casa: Atenção domiciliar é apresentada a futuros médicos em Santarém. Saúde · Prefeitura de Santarém inicia força-tarefa ...,https://santarem.pa.gov.br/noticias/saude/programa-melhor-em-casa-realiza-mais-de-2-mil-atendimentos-em-5-meses-xtb3ql,Prefeitura Municipal de Santarém,3 de mai. de 2024,6,PA
"""Melhor em Casa"" OR ""atencao domiciliar"" cobertura","Conheça o “Melhor em Casa”, o Programa de Assistência ...","Disponível no Sistema Único de Saúde (SUS), o programa Melhor em Casa integra os Serviços de Atenção Domiciliar e é caracterizado pelo ...",https://www.ibes.med.br/conheca-o-melhor-em-casa-o-programa-de-assistencia-domiciliar-do-sus/,Grupo IBES,25 de mar. de 2024,8,NA
"""Melhor em Casa"" OR ""atencao domiciliar"" cobertura",O que é o Programa de Atenção Domiciliar?,"O que é o Programa de Atenção Domiciliar? É um conjunto de serviços prestado de forma continuada, desenvolvido fora do ambiente hospitalar e adequado às ...",https://centralsaudecaixa.com.br/faq/o-que-e-programa-de-atencao-domiciliar/,Central de Atendimento do Saúde CAIXA.,['Atenção Domiciliar'],9,NA
"""Melhor em Casa"" OR ""atencao domiciliar"" cobertura",O programa Melhor em Casa oferece atendimento médico ...,O programa Melhor em Casa oferece atendimento médico domiciliar às ... cobertura do programa. Quer saber mais? Só dar play no vídeo. <3 ...,https://www.facebook.com/prefeituradenovaiguacu/videos/nova-igua%C3%A7u-amplia-programa-de-atendimento-domiciliar/2176253182463311/,Facebook · Prefeitura de Nova Iguaçu,,10,NA
"""Melhor em Casa"" OR ""atencao domiciliar"" cobertura",​Programa Melhor em Casa é contemplado...,"O Programa Melhor em Casa é um serviço complementar na atenção básica, especializada e de serviços de urgência, possibilitando o acompanhamento ...",https://www.betim.mg.gov.br/portal/noticias/0/3/13549/programa-melhor-em-casa-e-contemplado-com-consultorio-odontologico-portatil,Prefeitura Municipal de Betim - MG,21 de nov. de 2024,1,MG
"""Melhor em Casa"" OR ""atencao domiciliar"" cobertura",Prefeitura inaugura nova sede do Programa Melhor em Casa,Prefeitura inaugura nova sede do Programa Melhor em Casa ... cobertura de 100% de atenção domiciliar aos pacientes e familiares de Uberlândia.,https://www.uberlandia.mg.gov.br/2019/08/13/prefeitura-inaugura-nova-sede-do-programa-melhor-em-casa/,Portal da Prefeitura de Uberlândia,13 de ago. de 2019,3,MG
"""Melhor em Casa"" OR ""atencao domiciliar"" cobertura",CONTRIBUIÇÕES DO PROGRAMA “MELHOR EM CASA ...,"A partir deste estudo, constatou-se que o programa melhor em casa foi uma importante iniciativa para o desenvolvimento da atenção domiciliar no ...",https://revistaft.com.br/contribuicoes-do-programa-melhor-em-casa-para-o-fortalecimento-da-atencao-primaria-a-saude/,RevistaFT,11 de out. de 2023,4,PA
"""Melhor em Casa"" OR ""atencao domiciliar"" cobertura",🏠💙 Programa Melhor em Casa Atendimento ...,"1º Fórum Maranhense do Programa Melhor em casa. Um encontro dedicado ao fortalecimento da atenção domiciliar no Maranhão, promovendo a troca ...",https://www.instagram.com/p/DVd4AImDsZW/,Instagram · ananindeuapma,"['Melhor em casa', 'atenção domiciliar']",6,NA
"""Melhor em Casa"" OR ""atencao domiciliar"" cobertura",Programa “Melhor em Casa” inicia leva atendimento a ...,"Ampliado no final do ano passado, com a inclusão de mais uma equipe de atendimento, o Programa de Atenção Domiciliar Melhor em Casa ... cobertura ...",https://www.saude.am.gov.br/programa-melhor-em-casa-inicia-leva-atendimento-a-mais-de-500-pacientes/,SES-AM,27 de fev. de 2015,8,AM
"""Melhor em Casa"" OR ""atencao domiciliar"" cobertura",O programa Melhor em Casa oferece atendimento médico ...,"O programa Melhor em Casa oferece atendimento médico domiciliar às pessoas que apresentam dificuldades de locomoção, definitiva ou temporária, ...",https://www.facebook.com/prefeituradenovaiguacu/posts/o-programa-melhor-em-casa-oferece-atendimento-m%C3%A9dico-domiciliar-%C3%A0s-pessoas-que-a/2270750166349418/,Facebook · Prefeitura de Nova Iguaçu,['Melhor em Casa'],10,NA
"""Melhor em Casa"" OR ""atencao domiciliar"" cobertura",Você sabia que o Brasil é um dos países com maior cobertura ...,"Você sabia que o Brasil é um dos países com maior cobertura pública em atenção domiciliar do mundo? O Programa Melhor em Casa, do Ministério da Saúde, já está ...",https://www.instagram.com/p/DQ9e-GIEzCg/,Instagram,"['cobertura', 'atenção domiciliar', 'Melhor em Casa']",1,NA
"""Melhor em Casa"" OR ""atencao domiciliar"" cobertura",Vídeo: Programa 'Melhor em casa' tem equipe ampliada e garante ...,Programa 'Melhor em casa' tem equipe ampliada e garante cobertura de atendimentos. Expandir ou colapsar descrição. Confira na reportagem.,https://g1.globo.com/pa/santarem-regiao/videos-bom-dia-tapajos/video/programa-melhor-em-casa-tem-equipe-ampliada-e-garante-cobertura-de-atendimentos-12397811.ghtml,G1,"['Melhor em casa', 'cobertura']",2,PA
"""Melhor em Casa"" OR ""atencao domiciliar"" cobertura",Programa Melhor em Casa tem visitas dinamizadas com ...,"Os Serviços de Atenção Domiciliar, SAD, do Programa Melhor em Casa tem suas ações dinamizadas com aquisição de mais um transporte, dentro ...",https://imperatriz.ma.gov.br/noticias/saude/programa-melhor-em-casa-tem-visitas-dinamizadas-com-aquisicao-de-mais-um-transporte.html,Prefeitura Municipal de Imperatriz,15 de ago. de 2019,3,MA
"""Melhor em Casa"" OR ""atencao domiciliar"" cobertura",Saúde lança plano de assistência domiciliar,"O governo lançou ontem o Melhor em Casa, um programa que prevê a assistência médica domiciliar para pacientes do Sistema Único de Saúde. A ...",https://www.cofen.gov.br/saude-lana-plano-de-assistencia-domiciliar/,Cofen,9 de nov. de 2011,6,PA
"""Melhor em Casa"" OR ""atencao domiciliar"" cobertura",Araras é contemplada com programa “Melhor em Casa”,"Após a reestruturação, o serviço de atenção domiciliar oferecerá cobertura ... Melhor em Casa”, que vai oferecer, além do atendimento ...",https://araras.sp.gov.br/noticias/13150,Prefeitura de Araras,14 de abr. de 2014,7,SP
"""Melhor em Casa"" OR ""atencao domiciliar"" cobertura",Rio Grande do Sul fortalece atenção domiciliar com visitas ...,"Na segunda-feira (1/12), representantes da SES e do Programa Melhor em Casa, do Ministério da Saúde (MS), estiveram em Sapucaia do Sul para ...",https://estado.rs.gov.br/rio-grande-do-sul-fortalece-atencao-domiciliar-com-visitas-tecnicas-e-evento-estadual-de-capacitacao,Portal do Estado do Rio Grande do Sul,2 de dez. de 2025,9,PA
"""Melhor em Casa"" OR ""atencao domiciliar"" cobertura",Serviço de Atenção Domiciliar oferece cuidados…,"Com cobertura em toda ... Em Maceió, esse atendimento é prestado pelo Programa Melhor em Casa – executado pelo Serviço de Atenção Domiciliar ...",https://maceio.al.gov.br/noticias/sms/servico-de-atencao-domiciliar-oferece-cuidados-especiais-a-pacientes-apos-alta-hospitalar,Prefeitura de Maceió,29 de jan. de 2022,2,AL
"""Melhor em Casa"" OR ""atencao domiciliar"" cobertura",NOTA TÉCNICA Home Care - APS - FINAL.docx,"A consolidação do Programa Melhor em Casa – Serviço de Atenção Domiciliar (SAD), que desde 2011 tem expandido sua cobertura e ampliado seu escopo de atuação;.",https://atencaoprimaria.rs.gov.br/upload/arquivos/202204/13134148-nota-tecnica-conjunta-01-2022-atencao-domiciliar.pdf,Atenção Primária do RS,"['Melhor em Casa', 'Atenção Domiciliar', 'cobertura']",3,RS
"""Melhor em Casa"" OR ""atencao domiciliar"" cobertura",SOS Emergências e Melhor em Casa,"... Melhor em Casa e SOS Emergências. O ministro da Saúde, Alexandre ... atenção domiciliar, prevista na portaria 2029, que institui a ...",https://www.epsjv.fiocruz.br/noticias/reportagem/sos-emergencias-e-melhor-em-casa-1,Escola Politécnica de Saúde Joaquim Venâncio | EPSJV | Fiocruz,23 de nov. de 2011,5,NA
"""Melhor em Casa"" OR ""atencao domiciliar"" cobertura",SES dialoga sobre atenção domiciliar na rede de atenção à ...,... Atenção Domiciliar Programa Melhor em Casa. O encontro foi marcado pelas medidas de reforço e orientação de adesão dos municípios ao ...,https://www.ma.gov.br/noticias/ses-dialoga-sobre-atencao-domiciliar-na-rede-de-atencao-a-saude-durante-encontro,www.ma.gov.br,7 de dez. de 2023,7,MA
"""Melhor em Casa"" OR ""atencao domiciliar"" resultados",Efeito do programa Melhor em Casa sobre os gastos ...,"Os resultados apontam que o efeito do programa Melhor em Casa efetivamente reduziu os gastos com internações hospitalares em aproximadamente 4,7% em 2011, 5,8% ...",https://rsp.fsp.usp.br/pt-br/article/efeito-do-programa-melhor-em-casa-sobre-os-gastos-hospitalares/,Revista de Saúde Pública,"['resultados', 'Melhor em Casa']",1,NA
"""Melhor em Casa"" OR ""atencao domiciliar"" resultados",Atenção domiciliar no SUS: resultados do laboratório de ...,"em 2011, com a criação do Programa Melhor em casa, a atenção domiciliar foi insti- tuída no sus de forma sistêmica, tendo por diretrizes a integração dessa ...",https://bvsms.saude.gov.br/bvs/publicacoes/atencao_domiciliar_sus_resultados_laboratorio_inovacao.pdf,Biblioteca Virtual em Saúde MS,"['Melhor em casa', 'atenção domiciliar']",2,MS
"""Melhor em Casa"" OR ""atencao domiciliar"" resultados",1 Perfil dos pacientes atendidos no programa melhor em ...,"Melhor em Casa (PMC), pela equipe do Serviço de Atenção ... Atenção domiciliar no SUS: resultados do laboratório de inovação em atenção domiciliar.",https://revistas.ufg.br/rir/article/download/59222/34017,UFG - Universidade Federal de Goiás,"['Melhor em Casa', 'Atenção', 'Atenção domiciliar', 'resultados', 'atenção domiciliar']",4,NA
"""Melhor em Casa"" OR ""atencao domiciliar"" resultados",Desafios e Perspectivas na Atenção Domiciliar - Revisão ...,"Programa Melhor em Casa: Desafios e Perspectivas na Atenção Domiciliar - Revisão de Literatura. Saúde Coletiva (Barueri), 16(103), 18224 ...",https://revistasaudecoletiva.com.br/index.php/saudecoletiva/article/view/3741,Saúde Coletiva (Barueri),"['Melhor em Casa', 'Atenção Domiciliar']",5,NA
"""Melhor em Casa"" OR ""atencao domiciliar"" resultados",Programa Melhor em Casa realiza mais de 13 mil ...,"Com esse modelo, o Melhor em Casa, também, contribui para a redução de riscos de infecção e facilita desospitalizações, o que ajuda na gestão ...",https://santarem.pa.gov.br/noticias/saude/programa-melhor-em-casa-realiza-mais-de-13-mil-atendimentos-e-amplia-cuidados-domiciliares-em-santarem-bpwyzh,Prefeitura de Santarém,17 de dez. de 2024,7,PA
"""Melhor em Casa"" OR ""atencao domiciliar"" resultados",Efeito do programa Melhor em Casa sobre os gastos hospitalares,"... Melhor em Casa, que leva valor igual a 1, caso o ... resultados dos exames. ... Desafios da atenção domiciliar sob a perspectiva da redução de custos/racionalização ...",https://www.scielosp.org/article/rsp/2019.v53/104/pt/,SciELO - Saúde Pública,"['Melhor em Casa', 'resultados', 'atenção domiciliar']",8,NA
"""Melhor em Casa"" OR ""atencao domiciliar"" resultados",Programa Melhor em Casa presta atendimento domiciliar ...,Programa Melhor em Casa presta atendimento domiciliar de média e alta complexidade para pacientes aldeenses ... Atenção Domiciliar (EMAD) para ...,https://pmspa.rj.gov.br/programa-melhor-em-casa-presta-atendimento-domiciliar-de-media-e-alta-completibilidade-para-pacientes-aldeenses/,Prefeitura de São Pedro da Aldeia,18 de fev. de 2021,2,PA
"""Melhor em Casa"" OR ""atencao domiciliar"" resultados",Estudo realizado com idosos atendidos pelo programa Melhor ...,"Estudo realizado com idosos atendidos pelo programa Melhor em Casa, em Palhoça (SC), analisou a relação entre o fluxo salivar e as condições bucais.",https://www.instagram.com/p/DOq0I0ejeQR/,Instagram,['Melhor em Casa'],3,SC
"""Melhor em Casa"" OR ""atencao domiciliar"" resultados",panorama da implantação do programa melhor em casa ...,Os resultados demonstraram que o Programa Melhor em Casa faz parte da Rede de Atenção Domiciliar e possui equipes multiprofissionais que se dividem de acordo ...,https://sguweb.unicentro.br/app/webroot/arquivos/atsubmissao/TCC_final_03_03_20.pdf,Unicentro,"['resultados', 'Melhor em Casa', 'Atenção Domiciliar']",5,SE
"""Melhor em Casa"" OR ""atencao domiciliar"" resultados",Quadro pós-covid tem aumentado nos atendimentos do ...,"Em torno de 40% a 60% dos atendimentos de equipes do programa Melhor em Casa, que realizam atenção domiciliar no Sistema Único de Saúde ...",https://agenciabrasil.ebc.com.br/saude/noticia/2021-11/quadro-pos-covid-tem-aumentado-nos-atendimentos-do-melhor-em-casa,Agência Brasil,8 de nov. de 2021,6,NA
"""Melhor em Casa"" OR ""atencao domiciliar"" resultados",O programa Melhor em Casa ultrapassa as paredes do ...,"O programa Melhor em Casa ultrapassa as paredes do hospital para levar cuidado, atenção e resultados até quem mais precisa.",https://www.instagram.com/reel/DP9958OCcDz/,Instagram · prefeituradetucano,,7,PA
"""Melhor em Casa"" OR ""atencao domiciliar"" resultados",Potencializar a utilização do Programa Melhor em Casa,Resultados esperados ... Organização da atenção domiciliar com o Programa. Melhor em Casa. Rev Gaúcha ...,https://bvsms.saude.gov.br/bvs/saudelegis/doc_tec/mar_24/Relatorio%20AIR%20_%20PRT%20GM%203005.2024.pdf,Biblioteca Virtual em Saúde MS,"['Resultados', 'atenção domiciliar', 'Melhor em Casa']",9,MS
"""Melhor em Casa"" OR ""atencao domiciliar"" resultados","Internamento domiciliar via SUS no Brasil, o impacto do ...",Serviço de Atenção Domiciliar (SAD) por ... Melhor em Casa: Ministério da Saúde habilita 116 novas equipes para atendimento domiciliar.,https://rsdjournal.org/rsd/article/download/29177/25294/334664,"Research, Society and Development","['Atenção Domiciliar', 'Melhor em Casa']",10,PA
"""Melhor em Casa"" OR ""atencao domiciliar"" resultados",Perfil dos usuários do Programa Melhor em Casa em um ...,Perfil dos usuários do Programa Melhor em Casa em um município do centro-oeste do Paraná ... Atenção domiciliar: perfil assistencial de serviço ...,https://www.interacoes.ucdb.br/multitemas/article/view/3223,INTERAÇÕES – (Campo Grande),"['Melhor em Casa', 'Atenção domiciliar']",1,PA
"""Melhor em Casa"" OR ""atencao domiciliar"" resultados",Melhor em Casa: quando o cuidado e a saúde batem à porta ...,"Melhor em Casa: quando o cuidado e a saúde batem ... Ele oferece atenção domiciliar a pacientes que necessitam de cuidados contínuos, evitando longas internações ...",https://www.facebook.com/prefeiturademontenegro/posts/melhor-em-casa-quando-o-cuidado-e-a-sa%C3%BAde-batem-%C3%A0-portauma-idosa-de-quase-80-ano/1042958581341767/,Facebook,"['Melhor em Casa', 'atenção domiciliar']",3,NA
"""Melhor em Casa"" OR ""atencao domiciliar"" resultados",ATUAÇÃO DA EQUIPE ODONTOLÓGICA NO PROGRAMA ...,Os resultados foram avaliados mediante a categorização das falas dos ... Organização da atenção domiciliar com o Programa Melhor em Casa.,https://repositorio.unichristus.edu.br/jspui/handle/123456789/1910,Unichristus,"['resultados', 'atenção domiciliar', 'Melhor em Casa']",4,NA
"""Melhor em Casa"" OR ""atencao domiciliar"" resultados",PROGRAMA MELHOR EM CASA,"Orientações sobre a utilização de telessaúde pelas Equipes dos Serviços de Atenção Domiciliar (SAD), vinculadas ao Programa Melhor em Casa (PMeC):. EMAD ( ...",https://www.saude.sc.gov.br/index.php/pt/media-e-alta-complexidade/programa-melhor-em-casa,Portal SES/SC,"['Atenção Domiciliar', 'Melhor em Casa']",5,SC
"""Melhor em Casa"" OR ""atencao domiciliar"" resultados",Vista do Programa Melhor em Casa: Desafios e Perspectivas na ...,"... Melhor em Casa: Desafios e Perspectivas na Atenção Domiciliar ... Resultados: A redução de internações, alta ... Resultados: La reducción de ...",https://revistasaudecoletiva.com.br/index.php/saudecoletiva/article/view/3741/5097,Saúde Coletiva (Barueri),"['Melhor em Casa', 'Atenção Domiciliar', 'Resultados', 'Resultados']",8,NA
"""Melhor em Casa"" OR ""atencao domiciliar"" resultados",Programa Melhor em Casa recebe visita do Ministério da ...,Programa Melhor em Casa recebe visita do Ministério da Saúde para alinhar práticas e resultados ... atenção domiciliar (EMAD) e da equipe ...,https://www.saocristovao.se.gov.br/noticia/programa-melhor-em-casa-recebe-visita-do-ministerio-da-saude-para-alinhar-praticas-e-resultados,Prefeitura Municipal de São Cristóvão - SE,31 de ago. de 2023,10,PA
"""Melhor em Casa"" OR ""atencao domiciliar"" resultados",Programa Melhor em Casa: Amazonas amplia número de ...,"O Ministério da Saúde habilitou 12 novas equipes no Amazonas, sendo nove Equipes Multiprofissionais de Atenção Domiciliar (Emads) e três Equipes ...",https://www.saude.am.gov.br/programa-melhor-em-casa-amazonas-amplia-numero-de-equipes-e-capacidade-de-atendimento-domiciliar/,SES-AM,30 de mai. de 2022,1,AM
"""Melhor em Casa"" OR ""atencao domiciliar"" avaliacao",Manual de Monitoramento e Avaliação: Programa Melhor em ...,"Com o lançamento do Programa Melhor em Casa, em 2011, a qualificação e ampliação da Atenção Domiciliar no Sistema Único de Saúde (SUS) foram ...",https://biblioteca.cofen.gov.br/programa-melhor-em-casa/,Biblioteca Virtual de Enfermagem - Cofen,13 de mai. de 2020,4,NA
"""Melhor em Casa"" OR ""atencao domiciliar"" avaliacao",análise histórica da atenção domiciliar e o impacto da ...,"Programa Melhor em Casa: análise histórica da atenção domiciliar e o impacto da pandemia do COVID-19. Caderno Pedagógico, 22(11), e20132 ...",https://ojs.studiespublicacoes.com.br/ojs/index.php/cadped/article/view/20132,Studies Publicações,"['Melhor em Casa', 'atenção domiciliar']",6,NA
"""Melhor em Casa"" OR ""atencao domiciliar"" avaliacao",PROGRAMA MELHOR EM CASA,"PROGRAMA MELHOR EM CASA · Atendimento médico e de enfermagem domiciliar; · Administração de medicações e cuidados com sondas, curativos e oxigenoterapia; ...",https://saude.lagarto.se.gov.br/unidade-de-atendimento/programa-melhor-em-casa,Prefeitura de Lagarto,['MELHOR EM CASA'],8,SE
"""Melhor em Casa"" OR ""atencao domiciliar"" avaliacao",1ª Edição Revisada - Biblioteca Virtual em Saúde,"Manual de monitoramento e avaliação : Programa Melhor em Casa / Ministério da Saúde, Secretaria de ... processos de avaliação no contexto da Atenção Domiciliar, ...",https://bvsms.saude.gov.br/bvs/publicacoes/manual_monitoramento_avaliacao_programa.pdf,Biblioteca Virtual em Saúde MS,"['avaliação', 'Melhor em Casa', 'avaliação', 'Atenção Domiciliar']",1,MS
"""Melhor em Casa"" OR ""atencao domiciliar"" avaliacao",AVALIAÇÃO DA QUALIDADE DO SERVIÇO DE ASSISTÊNCIA ...,AVALIAÇÃO DA QUALIDADE DO SERVIÇO DE ASSISTÊNCIA DOMICILIAR PEDIÁTRICA NO “PROGRAMA MELHOR EM CASA ... atenção domiciliar pediátrica do município. O ...,https://repositorio.renasf.fiocruz.br/teses-e-dissertacoes/avaliacao-da-qualidade-do-servico-de-assistencia-domiciliar-pediatrica-no-programa-melhor-em-casa-a-experiencia-de-uma-cidade-de-grande-porte-do-ceara/,Fundação Oswaldo Cruz (Fiocruz),"['AVALIAÇÃO', 'MELHOR EM CASA', 'atenção domiciliar']",3,CE
"""Melhor em Casa"" OR ""atencao domiciliar"" avaliacao",Ficha de Avaliação Melhor em Casa: Imagens | PDF,Melhor em casa — Ministério da Saúde -. GOV Avaliação: Uma equipe de Atenção Domiciliar avalia o paciente para determinar se ele se encaixa no perfil do,https://pt.scribd.com/document/998344068/Www-google-com,Scribd,"['Melhor em casa', 'Avaliação', 'Atenção Domiciliar']",4,PA
"""Melhor em Casa"" OR ""atencao domiciliar"" avaliacao",Trabalhar na empresa Programa Melhor em Casa,"Avaliações dos funcionários da empresa Programa Melhor em Casa acerca da cultura Programa Melhor em Casa, salários, benefícios, equilíbrio trabalho e vida ...",https://br.indeed.com/cmp/Programa-Melhor-Em-Casa/reviews,Indeed,"['Avaliações', 'Melhor em Casa', 'Melhor em Casa']",5,NA
"""Melhor em Casa"" OR ""atencao domiciliar"" avaliacao","Avaliação da equipe SAD, paciente J.P- melhor em casa 27/01 ...","... Melhor em Casa organiza o Serviço de Atenção Domiciliar (SAD) em articulação com a Atenção Primária, hospitais, serviços de urgência e outros pontos da Rede ...",https://www.instagram.com/p/DUBOdsfgEFd/,Instagram,"['Melhor em Casa', 'Atenção Domiciliar']",6,NA
"""Melhor em Casa"" OR ""atencao domiciliar"" avaliacao",A IMPORTÂNCIA DO PROGRAMA MELHOR EM CASA NO ...,"Por que é melhor em casa? A percepção de usuários e cuidadores da atenção domiciliar. Cogitare enferm., Curitiba, v. 22, n. 4, p. 1-9, ...",https://ojs.focopublicacoes.com.br/foco/article/view/1461,REVISTA FOCO,"['melhor em casa', 'atenção domiciliar']",7,NA
"""Melhor em Casa"" OR ""atencao domiciliar"" avaliacao",🏠 O Programa Melhor em Casa tem uma longa trajetória e ...,O Programa Melhor em Casa tem uma longa trajetória e tem ... A Atenção Domiciliar. +3 · Claudio Cavalieri Dóro and 62 others · 󰍸. 63.,https://www.facebook.com/minsaude/posts/-o-programa-melhor-em-casa-tem-uma-longa-trajet%C3%B3ria-e-tem-evolu%C3%ADdo-ao-longo-dos-/982886407216734/,Facebook · Ministério da Saúde,"['Melhor em Casa', 'Atenção Domiciliar']",10,NA
"""Melhor em Casa"" OR ""atencao domiciliar"" avaliacao",Programa Melhor em Casa alinha metas e estratégias para ...,"O programa Melhor em Casa tem como principal objetivo reduzir a demanda hospitalar, encurtar o tempo de internação e minimizar o risco de ...",https://santarem.pa.gov.br/noticias/saude/programa-melhor-em-casa-alinha-metas-e-estrategias-para-aprimorar-atendimento-0kaffy,Prefeitura de Santarém,20 de fev. de 2025,6,PA
"""Melhor em Casa"" OR ""atencao domiciliar"" avaliacao",Mais qualidade de vida com o Melhor em Casa,"Para serem atendidos pelo Melhor em Casa, os encaminhamentos devem ser feitos por meio de avaliação do paciente e envio de relatórios pelas ...",https://www.novalima.mg.gov.br/index.php/noticias/mais_qualidade_de_vida_com_o_melhor_em_casa,Prefeitura de Nova Lima,5 de jul. de 2018,1,PA
"""Melhor em Casa"" OR ""atencao domiciliar"" avaliacao",Satisfação dos cuidadores e dos idosos usuários do ...,"Notou-se um perfil de cuidadores e idosos atendidos pelo Programa Melhor em Casa semelhante a outros programas da atenção domiciliar, no que diz respeito às ...",https://www.scielosp.org/pdf/rsp/2022.v56/34/pt,SciELO - Saúde Pública,"['Melhor em Casa', 'atenção domiciliar']",2,SE
"""Melhor em Casa"" OR ""atencao domiciliar"" avaliacao",Programa Melhor em Casa presta atendimento domiciliar ...,Programa Melhor em Casa presta atendimento domiciliar de média complexidade ... Atenção Domiciliar (EMAD) e (EMAP) para moradores da cidade ...,https://www.paudosferros.rn.gov.br/informa/988/programa-melhor-em-casa-presta-atendimento-domicil,Prefeitura de Pau dos Ferros,19 de jun. de 2022,4,PA
"""Melhor em Casa"" OR ""atencao domiciliar"" avaliacao",Saúde amplia atendimentos do Programa Melhor em Casa,"O programa oferece atenção domiciliar a pessoas com limitações de ... Melhor em Casa, o paciente precisa passar por uma avaliação.",https://cariacica.es.gov.br/noticia/ler/92495/saude-amplia-atendimentos-do-programa-melhor-em-casa,PREFEITURA MUNICIPAL DE CARIACICA- ES,16 de out. de 2025,5,ES
"""Melhor em Casa"" OR ""atencao domiciliar"" avaliacao",Metadados do item: SATISFAÇÃO DO USUÁRIO DE SERVIÇOS DE ...,SATISFAÇÃO DO USUÁRIO DE SERVIÇOS DE ATENÇÃO DOMICILIAR: AVALIAÇÃO DO PROGRAMA MELHOR EM CASA EM DUAS MACRORREGIÕES BRASILEIRAS. Detalhes bibliográficos ...,https://oasisbr.ibict.br/vufind/Record/BRCRIS_dcf6db8b9de9e652c7cb4cbb9372ec88?print=1,Oasisbr,"['ATENÇÃO DOMICILIAR', 'AVALIAÇÃO', 'MELHOR EM CASA']",6,NA
"""Melhor em Casa"" OR ""atencao domiciliar"" avaliacao",Saúde dos Profissionais de Enfermagem que atuam no ...,Saúde dos Profissionais de Enfermagem que atuam no Programa de Assistência Domiciliar Melhor em Casa: análise dos riscos ergonômicos físicos e ...,https://repositorio.ufu.br/handle/123456789/41892,UFU,['Melhor em Casa'],8,NA
"""Melhor em Casa"" OR ""atencao domiciliar"" avaliacao",A relação do Melhor em Casa com a rede de atenção às ...,"• Há a possibilidade da equipe de atenção domiciliar do Melhor em Casa estar sediada no serviço de urgência e emergência, o que poderá facilitar a ...",https://www.mpba.mp.br/sites/default/files/biblioteca/saude/temas-em-saude/atendimento_de_urgencia_e_emergencia/melhor_em_casa_e_a_rede_de_urgencias.pdf,Ministério Público do Estado da Bahia. |,"['atenção domiciliar', 'Melhor em Casa']",9,BA
"""Melhor em Casa"" OR ""atencao domiciliar"" avaliacao",Programa Melhor em Casa,"As avaliações de elegibilidade para admissão pelo Programa Melhor em Casa ocorrem em um prazo de até 48h úteis, e os procedimentos realizados em usuários já ...",https://www.jacarei.sp.gov.br/servico/programa-melhor-em-casa/,Prefeitura Municipal de Jacareí,"['avaliações', 'Melhor em Casa']",10,PA
"""Melhor em Casa"" OR ""atencao domiciliar"" depoimento",Histórias que Inspiram: Depoimentos de Quem Vive o Melhor em ...,... Depoimentos de Quem ... Histórias que Inspiram: Depoimentos de Quem Vive o Melhor em Casa ... ATENCÃO DOMICILIAR SECRETARIA ECREAUDE JOLOL ROMES DE SAÚDE .,https://www.instagram.com/reel/DG6o5BLRaSP/,Instagram,"['Depoimentos', 'Depoimentos', 'Melhor em Casa', 'ATENCÃO DOMICILIAR']",2,NA
"""Melhor em Casa"" OR ""atencao domiciliar"" depoimento",“Melhor em Casa!?” A resiliência do profissional frente a ...,Caderno de Atenção Domiciliar: Melhor em Casa. Secretaria de Atenção à Saúde ... Atenção Domiciliar: contando histórias. São Paulo: Editora Setembro ...,https://sapientia.pucsp.br/bitstream/handle/22702/2/Thais%20de%20Cassia%20Peixoto%20Maldonado.pdf,REPOSITORIO PUCSP,"['Atenção Domiciliar', 'Melhor em Casa', 'Atenção Domiciliar']",3,NA
"""Melhor em Casa"" OR ""atencao domiciliar"" depoimento",A experiência do fisioterapeuta no programa Melhor em ...,O objetivo do relato é descrever atuação do fisioterapeuta no programa Melhor em Casa em Sobral-CE. O fisioterapeuta é um profissional essencial ...,https://www.efdeportes.com/efd208/fisioterapeuta-no-programa-melhor-em-casa.htm,Lecturas: Educación Física y Deportes,24 de jul. de 2015,5,CE
"""Melhor em Casa"" OR ""atencao domiciliar"" depoimento",RELATO DE EXPERIÊNCIA EM ATENDIMENTOS COM ...,"O Programa Melhor em Casa é classificado como serviço de Atenção Domiciliar tipo. AD2, que preconiza atendimento aos usuários que apresentam dificuldades de ...",https://editorarealize.com.br/editora/anais/cieh/2015/TRABALHO_EV040_MD4_SA10_ID2439_27082015222442.pdf,Realize Editora,"['Melhor em Casa', 'Atenção Domiciliar']",6,NA
"""Melhor em Casa"" OR ""atencao domiciliar"" depoimento",👨‍👩‍👦‍👦 O Melhor em Casa é considerado o maior hospital ...,"... ‍ ‍ ‍ O Melhor em Casa é considerado o maior hospital público do Brasil! Em 2023, foram mais de 432 mil atendimento por mês.",https://www.facebook.com/minsaude/videos/-o-melhor-em-casa-%C3%A9-considerado-o-maior-hospital-p%C3%BAblico-do-brasil-em-2023-foram/1097692705424583/,Facebook · Ministério da Saúde,,8,NA
"""Melhor em Casa"" OR ""atencao domiciliar"" depoimento",Idosa acompanhada pela Atenção Domiciliar de São ...,"O acompanhamento de Dona Maria Rita é um exemplo do impacto positivo da Atenção Domiciliar, que vai além do atendimento clínico, promovendo ...",https://pmspa.rj.gov.br/idosa-acompanhada-pela-atencao-domiciliar-de-sao-pedro-da-aldeia-completa-106-anos/,Prefeitura de São Pedro da Aldeia,há 6 horas,9,RJ
"""Melhor em Casa"" OR ""atencao domiciliar"" depoimento",Vivências de enfermagem em um Programa de Atenção ...,O estudo teve por objetivo descrever as experiências vivenciadas como profissional de Enfermagem em um Programa de Atenção Domiciliar. Consiste no relato da ...,https://repositorio.unisc.br/jspui/handle/11624/2260,Repositório UNISC,['Atenção Domiciliar'],2,NA
"""Melhor em Casa"" OR ""atencao domiciliar"" depoimento",Programa Melhor em Casa - SAD | Depoimento da nossa ...,"Programa Melhor em Casa - SAD | Depoimento da ... Equipe Multiprofissional de Atenção Domiciliar, e ... Photo shared by Programa Melhor em Casa - SAD on October 09, ...",https://www.instagram.com/reel/DFIZWuxRDRC/,Instagram,"['Melhor em Casa', 'Depoimento', 'Atenção Domiciliar', 'Melhor em Casa']",3,NA
"""Melhor em Casa"" OR ""atencao domiciliar"" depoimento",Desafios da Enfermagem no Programa Melhor em Casa,"... Melhor em Casa: relato ... O PMC do qual se trata esse relato foi implementado na cidade em 2015, na modalidade de Atenção Domiciliar do tipo.",https://rsdjournal.org/index.php/rsd/article/download/27242/23798/318160,"Research, Society and Development","['Melhor em Casa', 'Atenção Domiciliar']",4,SE
"""Melhor em Casa"" OR ""atencao domiciliar"" depoimento","Com programa Melhor em Casa, Jânio Darrot percorre ...","... Atenção Domiciliar, como as que fazem parte do Programa Melhor em Casa. O atendimento é realizado por equipes multidisciplinares. Em ...",https://www.jornalopcao.com.br/reportagens/com-programa-melhor-em-casa-janio-darrot-percorre-trindade-e-conhece-historias-dos-beneficiados-110267/,Jornal Opção,18 de nov. de 2017,5,NA
"""Melhor em Casa"" OR ""atencao domiciliar"" depoimento",Programa Melhor em Casa - Jurisprudência,"O Município de Cuiabá encontra-se habilitado no Programa “Melhor em Casa”, recebendo recursos federais destinados à prestação de atenção domiciliar ...",https://www.jusbrasil.com.br/jurisprudencia/busca?q=programa+melhor+em+casa,Jusbrasil,"['Melhor em Casa', 'atenção domiciliar']",7,SE
"""Melhor em Casa"" OR ""atencao domiciliar"" depoimento",contribuição do programa melhor em casa para atenção,Introdução: O programa melhor em casa é uma das estratégias do Sistema Único de. Saúde (SUS) segue o contexto da Atenção Domiciliar (AD) que tem como lema “ ...,https://ime.events/ii-conaps/pdf/39521,IME Events,"['melhor em casa', 'Atenção Domiciliar']",8,PA
"""Melhor em Casa"" OR ""atencao domiciliar"" depoimento",Programa Melhor em Casa leva qualidade de vida ...,"... Melhor em Casa não apenas acolheu o Sr. Orlando, mas garantiu a ... Na Cidade Mãe de Sergipe, o Serviço de Atenção Domiciliar (SAD) se ...",https://www.saocristovao.se.gov.br/noticia/programa-melhor-em-casa-leva-qualidade-de-vida-dignidade-e-acolhimento-a-pacientes-desospitalizados-em-sao-cristovao,Prefeitura Municipal de São Cristóvão - SE,6 de ago. de 2025,9,SE
"""Melhor em Casa"" OR ""atencao domiciliar"" depoimento",FALA SBCD #2x10 - O que é o Programa Melhor em Casa?,"... Melhor em Casa, conversamos com Flavia Batista, enfermeira e ... atenção domiciliar é a mais adequada para o seu tratamento. Para ...",https://www.youtube.com/watch?v=YLUAGxt1DNs,YouTube · Sociedade Brasileira Caminho de Damasco (SBCD),,3,PA
"""Melhor em Casa"" OR ""atencao domiciliar"" depoimento",Programa Melhor em Casa realiza as primeiras visitas 🏡💙 ...,"As equipes de Atenção Domiciliar do ""Melhor em Casa"" incluem médico, enfermeiro, técnico de enfermagem e fisioterapeuta, proporcionando uma ...",https://www.facebook.com/prefeituradeguaiba/posts/programa-melhor-em-casa-realiza-as-primeiras-visitas-com-o-objetivo-de-levar-cui/856039690039569/,Facebook · Prefeitura de Guaíba,"['Atenção Domiciliar', 'Melhor em Casa']",4,NA
"""Melhor em Casa"" OR ""atencao domiciliar"" depoimento",Atuação De Enfermeiras Residentes No Programa Melhor ...,RELATO DE EXPERIÊNCIA: ATUAÇÃO DE ENFERMEIRAS RESIDENTES NO PROGRAMA MELHOR EM CASA. Publicado em 02/07/2025 - ISBN: 978-65-272-1627-8.,https://www.even3.com.br/anais/iciisc/1181661-relato-de-experiencia--atuacao-de-enfermeiras-residentes-no-programa-melhor-em-casa/,Even3,2 de jul. de 2025,6,NA
"""Melhor em Casa"" OR ""atencao domiciliar"" depoimento",Depoimentos que Transformam No 1º Fórum Catarinense de ...,"Ela também ressaltou o impacto do Programa Melhor em Casa, que vem revolucionando a forma como a atenção domiciliar é vista no Brasil. Para ...",https://www.instagram.com/reel/DRPgoD_CHt6/,Instagram · academysaude_,,7,PA
"""Melhor em Casa"" OR ""atencao domiciliar"" depoimento",Publicação de Bianca Prado de Lima Ramos,"Atuo no Programa Melhor em Casa, onde acompanho ... Histórias ... Nutricionista especialista em Atenção Básica |Cuidados Paliativos | Atenção Domiciliar. 1 m ...",https://pt.linkedin.com/posts/bianca-prado-de-lima-ramos-1a2829252_atuo-no-programa-melhor-em-casa-onde-acompanho-activity-7423683124934610944-DGrv,LinkedIn,"['Melhor em Casa', 'Atenção Domiciliar']",8,NA
"""Melhor em Casa"" OR ""atencao domiciliar"" depoimento",Programa Melhor em Casa leva atendimento especializado ao ...,"Integrado à Secretaria de Atenção Especializada à Saúde (SAES) , o Melhor em Casa organiza o Serviço de Atenção Domiciliar (SAD) em articulação com a ...",https://galeravermelha.com.br/programa-melhor-em-casa-leva-atendimento-especializado-ao-domicilio-de-pacientes-do-sus/,Galera Vermelha,"['Melhor em Casa', 'Atenção Domiciliar']",9,NA
"""Melhor em Casa"" OR ""atencao domiciliar"" depoimento",Equipe do programa Melhor em Casa ajuda a realizar ...,"Depoimento da técnica de enfermagem do programa Melhor em Casa, Maria José Ferreira. Na sequência, homem cantando e duas pessoas tocando instrumentos ...",https://m.youtube.com/watch?v=5Xj4Mk-R-sg,YouTube,"['Depoimento', 'Melhor em Casa']",10,NA
"""Melhor em Casa"" OR ""atencao domiciliar"" satisfacao",Satisfação dos cuidadores e dos idosos usuários do ...,Avaliar a satisfação dos cuidadores e dos idosos usuários do serviço de atenção domiciliar por meio do Programa Melhor em Casa e seus fatores associados.,https://rsp.fsp.usp.br/pt-br/article/satisfacao-dos-cuidadores-e-dos-idosos-usuarios-do-programa-melhor-em-casa/,Revista de Saúde Pública,"['satisfação', 'atenção domiciliar', 'Melhor em Casa']",1,NA
"""Melhor em Casa"" OR ""atencao domiciliar"" satisfacao",Satisfação dos cuidadores e dos idosos usuários do ...,"Satisfação dos cuidadores e dos idosos usuários do serviço de atenção domiciliar : Programa Melhor em Casa. Authors: SILVA, Natália Romana Gomes da. Keywords ...",https://repositorio.ufpe.br/handle/123456789/38335,RI UFPE,"['Satisfação', 'atenção domiciliar', 'Melhor em Casa']",2,NA
"""Melhor em Casa"" OR ""atencao domiciliar"" satisfacao",Satisfação dos cuidadores e dos idosos usuários do ...,OBJETIVO. Avaliar a satisfação dos cuidadores e dos idosos usuários do serviço de atenção domiciliar por meio do Programa Melhor em Casa e seus ...,https://www.scielosp.org/article/rsp/2022.v56/34/pt/,SciELO - Saúde Pública,"['satisfação', 'atenção domiciliar', 'Melhor em Casa']",3,NA
"""Melhor em Casa"" OR ""atencao domiciliar"" satisfacao",resumo,OBJETIVO Avaliar a satisfação dos cuidadores e dos idosos usuários do serviço de atenção domiciliar por meio do Programa Melhor em Casa e seus fatores ...,https://www.scielo.br/j/rsp/a/k7RjxRHmV9VFgx9Yr4qBYkM/abstract/?lang=pt,SciELO,"['satisfação', 'atenção domiciliar', 'Melhor em Casa']",5,NA
"""Melhor em Casa"" OR ""atencao domiciliar"" satisfacao",SATISFAÇÃO DOS PACIENTES SOBRE A ASSISTÊNCIA ...,A atenção domiciliar à saúde diferencia-se por constituir uma modalidade ... Manual instrutivo: melhor em casa: a segurança do hospital no conforto do ...,https://revistanursing.com.br/index.php/revistanursing/0627311,Revista Nursing,"['atenção domiciliar', 'melhor em casa']",8,SE
"""Melhor em Casa"" OR ""atencao domiciliar"" satisfacao",SES-AM fortalece ações do programa 'Melhor em Casa',"... Atenção Domiciliar (Emad) e uma Equipe multiprofissional de Apoio (Emap). ... Melhor em Casa”, em parceria com a Central de Medicamentos do ...",https://www.saude.am.gov.br/ses-am-fortalece-acoes-do-programa-melhor-em-casa/,SES-AM,16 de abr. de 2021,1,AM
"""Melhor em Casa"" OR ""atencao domiciliar"" satisfacao",Satisfação dos cuidadores e dos idosos usuários do Programa ...,RESUMO OBJETIVO: Avaliar a satisfação dos cuidadores e dos idosos usuários do serviço de atenção domiciliar por meio do Programa Melhor em Casa e seus fatores ...,https://www.researchgate.net/publication/360649532_Satisfacao_dos_cuidadores_e_dos_idosos_usuarios_do_Programa_Melhor_em_Casa_-_Satisfaction_of_caregivers_and_older_adults_who_use_the_Better_at_Home_Program,ResearchGate,"['satisfação', 'atenção domiciliar', 'Melhor em Casa']",2,NA
"""Melhor em Casa"" OR ""atencao domiciliar"" satisfacao",Melhor em Casa inclui equipes de reabilitação e tem novas ...,"De acordo com Mariana, as pesquisas de satisfação ... Tags: atenção especializada à saúdemelhor em casaatenção domiciliarequipes ...",https://www.gov.br/saude/pt-br/assuntos/noticias/2024/marco/melhor-em-casa-inclui-equipes-de-reabilitacao-e-tem-novas-diretrizes-para-gestores,www.gov.br,22 de mar. de 2024,4,PA
"""Melhor em Casa"" OR ""atencao domiciliar"" satisfacao",🏠💙 Melhor em Casa: cuidado que chega até você O ...,O programa Melhor em Casa é cuidado que abraça. É a saúde chegando até quem mais precisa. No momento em que sair de casa já não é possível. Para ...,https://www.facebook.com/prefeituradebraganca/videos/-melhor-em-casa-cuidado-que-chega-at%C3%A9-voc%C3%AAo-programa-melhor-em-casa-%C3%A9-a-sa%C3%BAde-de/26853010470968049/,Facebook · Prefeitura Municipal de Bragança - Pará,,7,PA
"""Melhor em Casa"" OR ""atencao domiciliar"" satisfacao",Satisfação dos cuidadores e dos idosos usuários do ...,OBJETIVO Avaliar a satisfação dos cuidadores e dos idosos usuários do serviço de atenção domiciliar por meio do Programa Melhor em Casa e seus ...,https://revistas.usp.br/rsp/pt_BR/article/view/197720,Portal de Revistas da USP,"['satisfação', 'atenção domiciliar', 'Melhor em Casa']",8,NA
"""Melhor em Casa"" OR ""atencao domiciliar"" satisfacao",Programa Melhor em Casa conclui com sucesso ...,"Na última quinta-feira, 23, a equipe de enfermagem do programa Melhor em Casa concluiu com sucesso o procedimento de reabilitação intensiva de ...",https://aquidaba.se.gov.br/noticias/programa-melhor-em-casa-conclui-com-sucesso-reabilita%C3%A7%C3%A3o-intensiva-de-paciente-em-aquidab%C3%A3,Prefeitura Municipal de Aquidabã,29 de jan. de 2025,10,SE
"""Melhor em Casa"" OR ""atencao domiciliar"" satisfacao",Governador Wilson Lima fortalece programa Melhor em ...,"Com 800 pacientes atendidos e mais de 75 mil visitas realizadas em dois anos, programa é referência nacional em atenção domiciliar.",https://www.saude.am.gov.br/governador-wilson-lima-fortalece-programa-melhor-em-casa-e-amplia-estrutura-para-atendimento-domiciliar-em-manaus/,SES-AM,21 de out. de 2025,2,PA
"""Melhor em Casa"" OR ""atencao domiciliar"" satisfacao",Programa 'Melhor em Casa' completa um ano de atuação em ...,"É o que representa o período de atuação do Programa de Atenção Domiciliar ""Melhor em Casa"", que já realizou 4.946 atendimentos por todo o município desde o dia ...",https://portalsaude.cabofrio.rj.gov.br/informa.php?id=125,Secretaria de Saúde de Cabo Frio,"['Atenção Domiciliar', 'Melhor em Casa']",3,RJ
"""Melhor em Casa"" OR ""atencao domiciliar"" satisfacao",Saúde Humanizada: Programa Melhor em Casa Garante ...,... Melhor em Casa ... Isso melhora a qualidade de vida e reforça a importância da atenção domiciliar como alternativa eficaz e humana dentro do SUS.,https://pocosdecaldas.mg.gov.br/noticias/saude-humanizada-programa-melhor-em-casa-garante-reabilitacao-domiciliar-com-suporte-integral/,Prefeitura de Poços de Caldas,30 de jun. de 2025,5,MG
"""Melhor em Casa"" OR ""atencao domiciliar"" satisfacao",Programa Melhor em Casa leva atendimento domiciliar ...,Programa Melhor em Casa leva atendimento domiciliar ... O atendimento é realizado pelas Equipes Multiprofissionais de Atenção Domiciliar ...,https://www.estancia.se.gov.br/site/Noticias/programa-melhor-em-casa-leva-atendimento-domiciliar-aos-pacientes-de-estncia,Prefeitura Municipal de Estância,27 de ago. de 2025,6,SE
"""Melhor em Casa"" OR ""atencao domiciliar"" satisfacao",Melhor em Casa leva atendimento hospitalar para as ...,"... Melhor em Casa”, serviço de atenção domiciliar indicado para pessoas que apresentam dificuldades temporárias ou definitivas de sair do ...",https://www.mogimirim.sp.gov.br/noticia/view/2158/melhor-em-casa-leva-atendimento-hospitalar-para-as-residencias-de-mogi,Mogi Mirim/SP,3 de jul. de 2019,9,PA
"""Melhor em Casa"" OR ""atencao domiciliar"" satisfacao",Programa Melhor em Casa leva saúde e cuidados ...,"Programa Melhor em Casa leva saúde e cuidados humanizados a pacientes e famílias lagartenses, com mais de 2 mil atendimentos realizados desde ...",https://lagarto.se.gov.br/noticias/programa-melhor-em-casa-leva-sa%C3%BAde-e-cuidados-humanizados-pacientes-e-fam%C3%ADlias-lagartenses,Prefeitura de Lagarto,28 de jul. de 2025,10,SE
"""Melhor em Casa"" OR ""atencao domiciliar"" satisfacao",Atendimento Domiciliar: Novo Enfoque na Satisfacao dos Usuarios ...,"Sugere, tambem, que a atencao domiciliar quando desenvolvida a partir de um modelo assistencial que valoriza principios da integralidade, gerenciamento do ...",https://bdtd.ibict.br/vufind/Record/UECE-0_ca0c46588acc82d51b6a2f08123437af?print=1,ibict.br,['atencao domiciliar'],1,NA
"""Melhor em Casa"" OR ""atencao domiciliar"" satisfacao",MOÇÃO DE APLAUSOS Nº 64/2023. PROGRAMA MELHOR EM ...,PROGRAMA MELHOR EM CASA. Publicado em 19/05/2023 às 08:50. MOÇÃO DE APLAUSOS Nº 64/2023. PROGRAMA MELHOR EM CASA. ... Pesquisa de Satisfação. Monteiro - PB.,https://www.camarademonteiro.pb.gov.br/requerimentos/mocao/mocao-de-aplausos-no-642023-programa-melhor-em-casa,Câmara Municipal de Monteiro,"['MELHOR EM CASA', 'MELHOR EM CASA', 'Satisfação']",5,PB
"""Melhor em Casa"" OR ""atencao domiciliar"" satisfacao",Esse é o resultado mensal da nossa pesquisa de satisfação ...,Amanhã é o grande dia do 1º Fórum Maranhense do Programa Melhor em Casa! Um encontro pensado para fortalecer a Atenção Domiciliar no ...,https://www.instagram.com/reel/DW4h0euDobj/,Instagram · alberguemartimlutero,,6,PA
"""Melhor em Casa"" OR ""atencao domiciliar"" elogio",Programa Melhor em Casa: Atenção domiciliar é ...,Programa Melhor em Casa: Atenção domiciliar é apresentada a futuros médicos em Santarém ... Deseja falar com a Ouvidoria? Sugestão · Elogio.,https://santarem.pa.gov.br/noticias/saude/programa-melhor-em-casa-atencao-domiciliar-e-apresentada-a-futuros-medicos-em-santarem-5hpzvg,Prefeitura de Santarém,2 de mar. de 2026,1,PA
"""Melhor em Casa"" OR ""atencao domiciliar"" elogio",​O programa Melhor em Casa vai além da assistência ...,"... likes, 38 comments - prefeituradeteixeiradefreitas on March 23, 2026: ""​O programa Melhor em Casa ... Um marco para a Atenção Domiciliar no ...",https://www.instagram.com/reel/DWOkUzQDb18/,Instagram · prefeituradeteixeiradefreitas,,2,PA
"""Melhor em Casa"" OR ""atencao domiciliar"" elogio",Dia de acompanhar de perto o trabalho do Melhor em Casa ...,"O trabalho do Melhor em Casa faz toda diferença, levando atendimento humanizado até quem mais precisa. #Saúde #MelhorEmCasa #Planaltina. more. View all ...",https://www.instagram.com/p/DN3Ezls2vcg/,Instagram,['Melhor em Casa'],3,NA
"""Melhor em Casa"" OR ""atencao domiciliar"" elogio",Programa “Melhor em Casa” é ampliado e pacientes ...,"O “Melhor em Casa” é um serviço de atenção domiciliar do Sistema ... Para queixas, sugestões e elogios, clique aqui. Compartilhar ...",https://www.alagoinhas.ba.gov.br/index.php/programa-melhor-em-casa-e-ampliado-e-pacientes-passam-a-ser-acompanhados-desde-a-alta-hospitalar/,Prefeitura de Alagoinhas,7 de mai. de 2025,4,PA
"""Melhor em Casa"" OR ""atencao domiciliar"" elogio",Evandro Leitão,"O Programa Melhor em Casa também faz a diferença na assistência domiciliar, com 35 equipes multiprofissionais em atividade e mais de 96 mil atendimentos...",https://www.facebook.com/evandroleitao/posts/o-programa-melhor-em-casa-tamb%C3%A9m-faz-a-diferen%C3%A7a-na-assist%C3%AAncia-domiciliar-com-3/1374541114241754/,Facebook,['Melhor em Casa'],5,NA
"""Melhor em Casa"" OR ""atencao domiciliar"" elogio",Veja o lindo trabalho de atendimento a população das ...,"Veja o lindo trabalho de atendimento a população das equipes do Melhor em Casa ... São João de Meriti - Notícias, denúncias, elogios e críticas.",https://www.facebook.com/PMSJMoficial/videos/melhor-em-casa/190363932403284/,Facebook · Prefeitura de São João de Meriti,,6,NA
"""Melhor em Casa"" OR ""atencao domiciliar"" elogio",Programa Melhor em Casa leva atendimento humanizado ...,"O Programa Melhor em Casa, que realiza atendimento domiciliar e cuidados especializados em pacientes com doenças agudas e crônicas graves, já ...",https://site.vicosa.al.gov.br/noticias/programa-melhor-em-casa-leva-atendimento-humanizado-a-44-pacientes-de-vicosa,Prefeitura Municipal de Viçosa/AL,27 de abr. de 2022,7,AL
"""Melhor em Casa"" OR ""atencao domiciliar"" elogio",Programa 'Melhor em Casa' de José de Freitas recebe elogios ...,"O 'Melhor em Casa' atende atualmente 43 pacientes, em média, 10 visitas por dia onde são realizados serviços como: acompanhamento pós-operatório, cuidados ...",https://180graus.com/jose-de-freitas/programa-melhor-em-casa-de-jose-de-freitas-recebe-elogios-dos-tecnicos-do-ministerio-da-saude/,180graus,['Melhor em Casa'],8,NA
"""Melhor em Casa"" OR ""atencao domiciliar"" elogio",Equipes da Atenção Domiciliar de São Pedro da Aldeia ...,"Equipes da Atenção Domiciliar de São Pedro da Aldeia recebem Moção de Aplausos na Câmara Municipal ... Melhor em Casa, Apoio Domiciliar e ...",https://pmspa.rj.gov.br/equipes-da-atencao-domiciliar-de-sao-pedro-da-aldeia-recebem-mocao-de-aplausos-na-camara-municipal/,Prefeitura de São Pedro da Aldeia,6 de jul. de 2021,9,RJ
"""Melhor em Casa"" OR ""atencao domiciliar"" elogio",Programa Melhor em Casa leva atendimento ...,Programa Melhor em Casa leva atendimento especializado a pacientes em Senador Canedo. O serviço é realizado por uma equipe multiprofissional ...,https://senadorcanedo.go.gov.br/programa-melhor-em-casa-leva-atendimento-especializado-a-pacientes-em-senador-canedo/,Site da Prefeitura de Senador Canedo,17 de jan. de 2025,10,GO
"""Melhor em Casa"" OR ""atencao domiciliar"" elogio",Melhor em Casa,Início Solicitação Elogios Sugestões Reclamações ... Melhor em Casa. A Rede de Atenção à Saúde – RAS – trabalha também com a modalidade de Atenção Domiciliar ...,https://www.santahelena.go.gov.br/servico/melhor-em-casa/,Prefeitura de Santa Helena de Goiás,"['Elogios', 'Melhor em Casa', 'Atenção Domiciliar']",1,GO
"""Melhor em Casa"" OR ""atencao domiciliar"" elogio","Prefeitura de Maricá on Instagram: ""O Melhor em Casa faz a ...","SAD Serviço de ServiçodeAtenção Atenção Domiciliar encontramos o apoio do Melhor em Casa, Malbor em . ang asHnude.a $07 582 BIGNCLASS8 ERYES ...",https://www.instagram.com/reel/DNk5hovRxpT/,Instagram · prefeiturademarica,,2,NA
"""Melhor em Casa"" OR ""atencao domiciliar"" elogio",Programa Melhor em Casa: Mais pacientes recebem ...,Com mais de 80 pacientes acompanhados ajuda a reduzir internações e melhora a qualidade de vida dos usuários. O Programa Melhor em Casa ...,https://santarem.pa.gov.br/noticias/saude/programa-melhor-em-casa-mais-pacientes-recebem-atendimento-domiciliar-em-santarem-q8yb8o,Prefeitura de Santarém,20 de out. de 2025,3,PA
"""Melhor em Casa"" OR ""atencao domiciliar"" elogio",SERVIÇO DE ATENÇÃO DOMICILIAR (SAD) EM DUQUE ...,SERVIÇO DE ATENÇÃO DOMICILIAR (SAD) EM DUQUE DE CAXIAS REGISTRA MAIS DE 13 MIL ATENDIMENTOS ENTRE OS ANOS DE 2022 E 2023. SERVIÇO DE ATENÇÃO DOMICILIAR (SAD) ...,https://duquedecaxias.rj.gov.br/noticia/servico-de-atencao-domiciliar-(sad)-em-duque-de-caxias-registra-mais-de-13-mil-atendimentos-entre-os-anos-de-2022-e-2023/4794,Prefeitura de Duque de Caxias,"['ATENÇÃO DOMICILIAR', 'ATENÇÃO DOMICILIAR']",4,RJ
"""Melhor em Casa"" OR ""atencao domiciliar"" elogio",O Programa Melhor em Casa da Secretaria de Saúde de ...,"Grama Melhor em Casa, cuidado humanizado e atendimento de qualidade ... Atenção Domiciliar (Emad). As visitas são voltadas para ...",https://www.instagram.com/reel/DNReWYyxYg7/,Instagram · saude_campoverde,,6,PA
"""Melhor em Casa"" OR ""atencao domiciliar"" elogio",Programa Melhor em Casa atende mais de 100 pacientes ...,"“O programa Melhor em Casa ajuda a reduzir internações desnecessárias e filas nos serviços de urgência e emergência, já que a assistência, ...",https://aguaslindasdegoias.go.gov.br/programa-melhor-em-casa-atende-mais-de-100-pacientes-em-aguas-lindas/,Prefeitura Municipal de Águas Lindas de Goiás,16 de abr. de 2015,8,GO
"""Melhor em Casa"" OR ""atencao domiciliar"" elogio",Atenção Domiciliar Unimed - Unimed Itajubá,"O GCE está voltado para a atenção domiciliar que envolve ações de promoção à saúde, à prevenção e o tratamento de doenças no âmbito domiciliar, ...",https://www.unimed.coop.br/site/web/itajuba/atencao-domiciliar-unimed,Unimed,['atenção domiciliar'],9,PA
"""Melhor em Casa"" OR ""atencao domiciliar"" elogio",Veja o lindo trabalho de atendimento a população das ...,Veja o lindo trabalho de atendimento a população das equipes do Melhor em Casa. Parabéns a esses profissionais que estão na linha de frente ...,https://www.facebook.com/PMSJMoficial/posts/veja-o-lindo-trabalho-de-atendimento-a-popula%C3%A7%C3%A3o-das-equipes-do-melhor-em-casa-p/3246308308752880/,Facebook · Prefeitura de São João de Meriti,['Melhor em Casa'],10,PA
"""Melhor em Casa"" OR ""atencao domiciliar"" elogio",Programa Melhor em Casa acompanha pacientes em ...,"Elogios ... Eles foram acompanhados da mãe, dona Adelícia Peres, de 84 anos, que agradeceu à SMS e ao programa Melhor em Casa pelo empenho.",https://www.rioverde.go.gov.br/programa-melhor-em-casa-acompanha-pacientes-em-trindade/,Prefeitura Municipal de Rio Verde,9 de out. de 2019,3,GO
"""Melhor em Casa"" OR ""atencao domiciliar"" elogio",Equipe de atenção domiciliar comemora 100 anos ...,"Equipe de atenção domiciliar comemora 100 anos de paciente. Érika Bragança, da Agência Saúde. Na manhã desta quarta-feira (5), profissionais do ...",https://saude.df.gov.br/w/equipe-de-atencao-domiciliar-comemora-100-anos-de-paciente,Secretaria de Saúde do Distrito Federal,5 de jun. de 2019,4,DF
"""Melhor em Casa"" OR ""atencao domiciliar"" reclamacao",HOME CARE MELHOR EM CASA,Qual a reputação de HOME CARE MELHOR EM CASA ? Sem reputação definida. Essa empresa ainda não possui 10 reclamações avaliadas para calcularmos a reputação.,https://www.reclameaqui.com.br/empresa/home-care-melhor-em-casa/,Reclame Aqui,"['MELHOR EM CASA', 'reclamações']",1,PA
"""Melhor em Casa"" OR ""atencao domiciliar"" reclamacao",Lista de reclamações: HOME CARE MELHOR EM CASA,Qual a reputação de HOME CARE MELHOR EM CASA ? Sem reputação definida. Essa empresa ainda não possui 10 reclamações avaliadas para calcularmos a reputação.,https://www.reclameaqui.com.br/empresa/home-care-melhor-em-casa/lista-reclamacoes/,Reclame Aqui,"['MELHOR EM CASA', 'reclamações']",2,PA
"""Melhor em Casa"" OR ""atencao domiciliar"" reclamacao",Lista de reclamações: HOME CARE MELHOR EM CASA,Qual a reputação de HOME CARE MELHOR EM CASA ? Sem reputação definida. Essa empresa ainda não possui 10 reclamações avaliadas para calcularmos a reputação.,https://www.reclameaqui.com.br/empresa/home-care-melhor-em-casa/lista-reclamacoes/?problema=0000000000001463,Reclame AQUI,"['MELHOR EM CASA', 'reclamações']",3,PA
"""Melhor em Casa"" OR ""atencao domiciliar"" reclamacao",Lista de reclamações: HOME CARE MELHOR EM CASA,Qual a reputação de HOME CARE MELHOR EM CASA ? Sem reputação definida. Essa empresa ainda não possui 10 reclamações avaliadas para calcularmos a reputação.,https://www.reclameaqui.com.br/empresa/home-care-melhor-em-casa/lista-reclamacoes/?status=NOT_ANSWERED,Reclame Aqui,"['MELHOR EM CASA', 'reclamações']",5,PA
"""Melhor em Casa"" OR ""atencao domiciliar"" reclamacao",O Programa Melhor em Casa (ou Serviço de Atenção Domiciliar,O Programa Melhor em Casa (ou Serviço de Atenção Domiciliar - SAD) do Ministério da Saúde visa oferecer cuidados de saúde no domicílio para pacientes que ...,https://www.instagram.com/reel/DRNNXK1j9Eu/,Instagram,"['Melhor em Casa', 'Atenção Domiciliar']",7,PA
"""Melhor em Casa"" OR ""atencao domiciliar"" reclamacao",Denúncia Elogio Reclamação (vazio)Total,Finalizado Reclamação sobre equipe do Melhor em casa. Finalizado Reclamação ... Finalizado Reclamação sobre equipe do Melhor em casa. (vazio) (vazio). 18 ...,https://www.leme.sp.gov.br/download/paginasadicionaisarquivos/1549,Prefeitura Municipal de Leme,"['Reclamação', 'Melhor em casa', 'Reclamação', 'Reclamação', 'Melhor em casa']",8,SP
"""Melhor em Casa"" OR ""atencao domiciliar"" reclamacao",Pior em Casa | Desativação do Programa Melhor em Casa ...,... Melhor em Casa pela Prefeitura de Cabo Frio ... Após três meses de reclamações esgoto segue jorrando em rua de Cabo Frio,https://www.instagram.com/reel/DOcS_goDLB1/,Instagram · faladirleioficial,,10,NA
"""Melhor em Casa"" OR ""atencao domiciliar"" reclamacao",empresa brasileira de serviços hospitalares,"Possui 5 equipes de atendimento domiciliar através dos programas de Atenção Domiciliar Interdisciplinar - PIDI e Melhor em Casa, que atendem, em média, 150.",https://www.gov.br/hubrasil/pt-br/hospitais-universitarios/regiao-sul/he-ufpel/acesso-a-informacao/acoes-e-programas/Carta_de_Servicos_HE_UFPel_v5_MARCO2026.pdf,www.gov.br,"['Atenção Domiciliar', 'Melhor em Casa']",2,NA
"""Melhor em Casa"" OR ""atencao domiciliar"" reclamacao",Fale Conosco,Programa Melhor em Casa - SMS · Programa Oxigenoterapia/CPAP - SMS · Protocolo Eletrônico Doc. Radioterapia Externa · Repositório de Documentos · Req. Interna ...,https://www.ghc.com.br/default.asp?idMenu=ouvidoria&idSubMenu=5,Grupo Hospitalar Conceição,['Melhor em Casa'],4,NA
"""Melhor em Casa"" OR ""atencao domiciliar"" reclamacao",Desafios e estratégias no atendimento domiciliar ...,Procedimentos para Reclamação dos Autores · Política de Conflito de ... Organização da atenção domiciliar com o Programa Melhor em Casa.,https://ojs.cuadernoseducacion.com/ojs/index.php/ced/article/view/5147,Cuadernos de Educación y Desarrollo,"['Reclamação', 'atenção domiciliar', 'Melhor em Casa']",5,PA
"""Melhor em Casa"" OR ""atencao domiciliar"" reclamacao",Atenção Domiciliar - Unimed Anápolis,"Atenção Domiciliar - Unimed Anápolis. Banner Title Example. This is a ... Reclamação, Sugestão, Apreciação, Solicitação. Mensagem. Anexo (5mb) (doc ...",https://www.unimed.coop.br/site/web/anapolis/atencao-domiciliar,Unimed,"['Atenção Domiciliar', 'Reclamação']",6,NA
"""Melhor em Casa"" OR ""atencao domiciliar"" reclamacao",Câmara Municipal de Jaguariúna,"""Melhor em Casa"", que atende idosos e pessoas acamadas em domicilio, quantos servidores estão envolvidos no programa, quais as qualificações e ...",https://jaguariuna.sp.leg.br/wp-content/uploads/2021/05/MELHOR-EM-CASA-WBM-19-05-2021.pdf,sp.leg.br,['Melhor em Casa'],7,SP
"""Melhor em Casa"" OR ""atencao domiciliar"" reclamacao",Você sabia que a Secretaria de Saúde conta com dois ...,"Já a Ouvidoria é o canal destinado ao registro de manifestações, como reclamações, sugestões, solicitações, denúncias e elogios, contribuindo ...",https://www.facebook.com/prefeituraguaratingueta/videos/voc%C3%AA-sabia-que-a-secretaria-de-sa%C3%BAde-conta-com-dois-importantes-canais-de-atendi/791646930647105/,Facebook · Prefeitura Municipal da Estância Turística de Guaratinguetá,,8,NA
"""Melhor em Casa"" OR ""atencao domiciliar"" reclamacao",Atenção Domiciliar - Home Doctor,"A frequência das visitas é definida na avaliação inicial através do Plano de Atenção Domiciliar (PAD). Elaboramos um PAD individualizado, com reavaliações ...",https://homedoctor.com.br/atencao-domiciliar/,homedoctor.com.br,['Atenção Domiciliar'],9,NA
"""Melhor em Casa"" OR ""atencao domiciliar"" reclamacao",RELATÓRIO GERENCIAL,PROGRAMA MELHOR EM CASA. 0. 1. 0. 0. 0. 0. 1. PROGRAMA DE SAUDE DA MULHER. 0. 0. 1. 0. 0. 0. 1. VIGILÂNCIA EPIDEMIOLÓGICA. 0. 0. 0. 1. 0. 0. 1. PRATICAS ...,https://docs.uberlandia.mg.gov.br/wp-content/uploads/2022/07/Relat%C3%B3rio-Gerencial-2%C2%BA-Quadrimestre-2018.pdf,Portal da Prefeitura de Uberlândia,['MELHOR EM CASA'],10,MG
"""Melhor em Casa"" OR ""atencao domiciliar"" reclamacao",Falta de Atendimento do Programa Melhor em Casa Após ...,Venho por meio deste registrar reclamação formal pela ausência de atendimento do Programa Melhor em Casa a paciente encaminhado pelo hospital no ...,https://www.reclameaqui.com.br/secretaria-municipal-de-saude/falta-de-atendimento-do-programa-melhor-em-casa-apos-alta-hospitalar_PB48p51006LmVS76/,Reclame Aqui,8 de jan. de 2026,1,NA
"""Melhor em Casa"" OR ""atencao domiciliar"" reclamacao",universidade católica de pelotas,"Palavras Chave: Política de Atenção Domiciliar, Programa Melhor em Casa, ... Não tenho reclamações, só elogios, o Melhor em Casa é excelente. Os alimentos ...",https://pos.ucpel.edu.br/ppgps/wp-content/uploads/sites/5/2022/02/Marcia-Inez-Xavier-dos-Santos-REPERCUSSOES-DA-PANDEMIA-COVID-19-NO-CONTEXTO-DA-ATENCAO-DOMICILIAR-PRESTADA-PELO-PROGRAMA-MELHOR-EM-CASA-NO-MUNICIPIO-DE-PELOTAS-RS.pdf,Universidade Católica de Pelotas - UCPel,"['Atenção Domiciliar', 'Melhor em Casa', 'reclamações', 'Melhor em Casa']",5,RS
"""Melhor em Casa"" OR ""atencao domiciliar"" reclamacao",Prefeitura de São João de Meriti,"O programa Melhor em Casa levou cuidadores e pacientes para uma visita ao Museu do Amanhã, onde conheceram a exposição “Do Cosmos a Nós”.",https://www.facebook.com/PMSJMoficial/posts/o-programa-melhor-em-casa-levou-cuidadores-e-pacientes-para-uma-visita-ao-museu-/1357573526410405/,Facebook · Prefeitura de São João de Meriti,['Melhor em Casa'],6,PA
"""Melhor em Casa"" OR ""atencao domiciliar"" reclamacao",Home care: o que é e como funciona? - JusVita,"O “Melhor em Casa” atende cidadãos com dificuldades temporárias ou definitivas de se locomoverem até uma unidade de saúde, ou que tenham o ...",https://www.jusvita.com.br/blog/home-care-o-que-e-e-como-funciona/,jusvita.com.br,6 de jan. de 2022,7,SE
"""Melhor em Casa"" OR ""atencao domiciliar"" reclamacao",Relatório Rede de Ouvidorias SUS – 1º trimestre de 2024,"RECLAMACAO, assunto GESTÃO, recebidas e/ou registradas pela ... AHM - HMMDBOI - COORDENADORIA MELHOR EM CASA. 1. 3. 33%. AHM - HMMDMBOI ...",https://fi-admin.bvsalud.org/document/view/ccfuf,BVS,28 de mar. de 2024,8,NA
"""Melhor em Casa"" OR ""atencao domiciliar"" problema",Negligência médica no AM: família denuncia falhas em parto ...,"Ainda segundo a secretaria, foi solicitada uma visita do programa Melhor em Casa para a criança. A família ingressou com uma ação judicial ...",https://g1.globo.com/am/amazonas/noticia/2026/04/06/familia-denuncia-negligencia-medica-na-rede-publica-e-aponta-falhas-desde-o-parto-de-bebe-no-amazonas.ghtml,G1,há 2 dias,2,AM
"""Melhor em Casa"" OR ""atencao domiciliar"" problema",Relação do Melhor em Casa com a Atenção Básica,Relação do Melhor em Casa com a Atenção Básica: aumentando a ... Para saber mais: Acessar Capítulo 4 do Caderno de Atenção Domiciliar Volume 1.,https://www.mpba.mp.br/sites/default/files/biblioteca/saude/temas-em-saude/atendimento_medico_domiciliar/melhor_em_casa_e_atencao_basica.pdf,Ministério Público do Estado da Bahia. |,"['Melhor em Casa', 'Atenção Domiciliar']",6,BA
"""Melhor em Casa"" OR ""atencao domiciliar"" problema",Lançamento do Programa de Atenção Domiciliar (Melhor ...,O programa de assistência domiciliar Melhor em Casa irá contar com a implantação de equipes multiprofissionais de atenção domiciliar (EMADs) e ...,https://novoportal.crn1.org.br/lancamento-do-programa-de-atencao-domiciliar-melhor-em-casa/,CRN - 01,15 de dez. de 2011,5,NA
"""Melhor em Casa"" OR ""atencao domiciliar"" problema",Matureia adere ao programa de serviços de atenção ...,Melhor em Casa? que disponibiliza serviços de atenção domiciliar e cuidados especializados em pacientes com doenças agudas e crônicas graves. A ...,https://matureia.pb.gov.br/noticias/matureia-adere-ao-programa-de-servicos-de-atencao-domiciliar-melhor-em-casa-a531.html,Prefeitura de Matureia,13 de out. de 2021,6,PB
"""Melhor em Casa"" OR ""atencao domiciliar"" problema",As graves falhas no sistema de saúde do Estado. O drama de ...,Toda essa demora acaba aumentando a aflição dos pais e criando um problema que vai se estendendo ao longo tempo para a criança. ... Melhor em Casa ...,https://www.instagram.com/reel/DW4FklAjrIU/,Instagram · espalhandoamorautismo,,7,PA
"""Melhor em Casa"" OR ""atencao domiciliar"" problema",Programa Melhor em Casa – Atenção Domiciliar em Santa ...,Programa Melhor em Casa – Atenção Domiciliar em Santa Isabel O Programa Melhor em Casa é uma iniciativa do Município de Santa Isabel que tem ...,https://www.facebook.com/prefeituramunicipaldesantaisabel/videos/programa-melhor-em-casa-aten%C3%A7%C3%A3o-domiciliar-em-santa-isabelo-programa-melhor-em-c/1859851341332012/,Facebook · Município de Santa Isabel,,9,NA
"""Melhor em Casa"" OR ""atencao domiciliar"" problema",“Melhor em Casa” proporciona atendimento humanizado ...,"O ""Melhor em Casa"" se reafirma como um modelo de cuidado que prioriza a saúde e o bem-estar do paciente, promovendo um atendimento que respeita ...",https://www.primaveradoleste.mt.gov.br/Imprensa/Noticias/-melhor-em-casa--proporciona-atendimento-humanizado-no-proprio-lar-dos-pacientes-10442,Prefeitura de Primavera do Leste,8 de jun. de 2025,5,SE
"""Melhor em Casa"" OR ""atencao domiciliar"" problema","Programa Melhor em Casa, do HE, visita a Rede de Saúde",O Programa Melhor em Casa em Pelotas tem sua sede no Hospital Escola/UFPel e conta com seis equipes Multiprofissionais de Atenção Domiciliar ...,https://ccs2.ufpel.edu.br/wp/2013/10/18/melhor-casa-rede/,UFPel,18 de out. de 2013,6,NA
"""Melhor em Casa"" OR ""atencao domiciliar"" problema",Programa Melhor em Casa completa 13 anos com mais de ...,"A coordenadora-geral de Atenção Domiciliar do Ministério da Saúde, Mariana Borges, afirma que o Melhor em Casa é o 'maior hospital público do ...",https://www.gov.br/saude/pt-br/assuntos/noticias/2024/novembro/programa-melhor-em-casa-completa-13-anos-com-mais-de-2-mil-equipes-atuando-no-brasil,GOV.BR,8 de nov. de 2024,7,NA
"""Melhor em Casa"" OR ""atencao domiciliar"" problema",Governo Federal lança os programas Melhor em Casa e ...,"... Melhor em Casa e SOS Emergências, que tem ... Até 2014, o programa contará com mil equipes de atenção domiciliar atuando em todo o país.",https://www.cofen.gov.br/governo-federal-lana-os-programas-melhor-em-casa-e-sos-emergencias/,Cofen,9 de nov. de 2011,9,NA
"""Melhor em Casa"" OR ""atencao domiciliar"" problema",Programa Melhor em Casa assegura atendimento ...,"Programa Melhor em Casa assegura atendimento domiciliar multiprofissional de qualidade à população de Guarapuava ... atenção domiciliar, além de ...",https://guarapuava.pr.gov.br/noticias/programa-melhor-em-casa-assegura-atendimento-domiciliar-multiprofissional-de-qualidade-a-populacao-de-guarapuava/,Prefeitura de Guarapuava,27 de jan. de 2023,3,PR
"""Melhor em Casa"" OR ""atencao domiciliar"" problema",Atendimento domiciliar (Progr Melhor em Casa) - Início,Atendimento domiciliar (Progr Melhor em Casa). Serviço recomendado para ... A atenção domiciliar estará indicada aos pacientes acamados semi-acamados ou ...,https://capivaridebaixo.sc.gov.br/cartaservicos/detalhe-atendimento-domiciliar-progr-melhor-em-casa/,Prefeitura de Capivari de Baixo,"['Melhor em Casa', 'atenção domiciliar']",5,PA
"""Melhor em Casa"" OR ""atencao domiciliar"" problema",SC (Blumenau) | Itapema adere ao Programa Melhor em Casa,"Detalhes. Jornal do Almoço - SC (Blumenau). Itapema adere ao Programa Melhor em Casa. 2 min. Saúde atende pacientes que recebem alta hospitalar, em casa.",https://globoplay.globo.com/v/10713671/,Globoplay,['Melhor em Casa'],6,SC
"""Melhor em Casa"" OR ""atencao domiciliar"" problema",a importância do programa melhor em casa no atendimento ...,"O Programa Melhor em Casa. (MemC), lançado em 2011, é um programa multidisciplinar de atenção domiciliar do Sistema Único de Saúde (SUS), e ...",https://focopublicacoes.com.br/foco/article/download/1461/1054,focopublicacoes.com.br,"['Melhor em Casa', 'atenção domiciliar']",7,NA
"""Melhor em Casa"" OR ""atencao domiciliar"" problema",Contratações triplicam atendimento do programa Melhor ...,"Nos casos de morte de paciente vinculado ao programa, a família conta com a emissão do atestado de óbito pelo médico do Melhor em Casa, ...",https://www.curitiba.pr.gov.br/noticias/contratacoes-triplicam-atendimento-do-programa-melhor-em-casa/30262,Prefeitura de Curitiba,6 de ago. de 2013,8,PR
"""Melhor em Casa"" OR ""atencao domiciliar"" problema","🏡 Nesta segunda-feira, a equipe do Programa Melhor em Casa ...","Nesta segunda-feira, a equipe do Programa Melhor em Casa esteve no povoado Roma, realizando visitas domiciliares a dois pacientes com necessidades diferentes ...",https://www.instagram.com/reel/DMqKEHxOq0B/,Instagram,['Melhor em Casa'],9,NA
"""Melhor em Casa"" OR ""atencao domiciliar"" problema",Programa Melhor em Casa-a nutrição enteral domiciliar e o impacto ...,"Programa Melhor em Casa - a nutrição enteral ... A alimentação inadequada associada a subnutrição são problemas ... Atenção Domiciliar (EMAD). Desta forma, este ...",https://bdtd.ibict.br/vufind/Record/USP_0f21c2f9b9c1b8a39101756c9869f916,ibict.br,"['Melhor em Casa', 'problemas', 'Atenção Domiciliar']",10,NA
"""Melhor em Casa"" OR ""atencao domiciliar"" qualidade",Programa Melhor em Casa: Prefeitura de Fortaleza atende ...,... Melhor em Casa foi a melho ... Atenção Domiciliar (EMAD) e nove Equipes Multiprofissionais de Apoio ...,https://www.fortaleza.ce.gov.br/noticias/programa-melhor-em-casa-prefeitura-de-fortaleza-atende-mais-de-1-200-pacientes-e-realiza-mais-de-100-mil-atendimentos-em-2025,Prefeitura de Fortaleza,29 de dez. de 2025,4,CE
"""Melhor em Casa"" OR ""atencao domiciliar"" qualidade",Programa Melhor em Casa leva atendimento ...,"Integrado à Secretaria de Atenção Especializada à Saúde (SAES), o Melhor em Casa organiza o Serviço de Atenção Domiciliar (SAD) em articulação com a Atenção ...",https://www.bioredbrasil.com.br/programa-melhor-em-casa-leva-atendimento-especializado-ao-domicilio-de-pacientes-do-sus/,Biored Brasil,"['Melhor em Casa', 'Atenção Domiciliar']",6,NA
"""Melhor em Casa"" OR ""atencao domiciliar"" qualidade",Programa Melhor em Casa garante atendimento domiciliar ...,Programa Melhor em Casa garante atendimento domiciliar e mais qualidade de vida a pacientes no Acre ... A Atenção Domiciliar Tipo 2 (AD2) é ...,https://agencia.ac.gov.br/programa-melhor-em-casa-garante-atendimento-domiciliar-e-mais-qualidade-de-vida-a-pacientes-no-acre/,Agência de Notícias do Acre,24 de ago. de 2025,7,AC
"""Melhor em Casa"" OR ""atencao domiciliar"" qualidade",Melhor em Casa dá mais qualidade de vida ao Idoso,"Melhor em Casa dá mais qualidade de vida ... Atenção Domiciliar e 167 equipes multiprofissionais em 20 estados, alcançando 107 municípios.",https://www.conass.org.br/melhor-em-casa-da-mais-qualidade-de-vida-ao-idoso/,Conselho Nacional de Secretários de Saúde | Conass,1 de out. de 2012,9,NA
"""Melhor em Casa"" OR ""atencao domiciliar"" qualidade",O Melhor em Casa mostra que saúde de qualidade também ...,"Cuidado, atenção e saúde chegando até quem mais precisa. O programa Melhor em Casa garante atendimento domiciliar com segurança, humanização e qualidade, ...",https://www.instagram.com/p/DSaLcjBDYt_/,Instagram,"['Melhor em Casa', 'qualidade']",3,NA
"""Melhor em Casa"" OR ""atencao domiciliar"" qualidade",MINUTO DA SAÚDE Hoje falamos sobre o Programa Melhor ...,"... Melhor em Casa, um serviço que leva atendimento domiciliar para quem ... qualidade de vida ao paciente e tranquilidade à família. O ...",https://www.instagram.com/reel/DTzyBcEkeio/,Instagram · prefeiturapiracanjuba,,6,PA
"""Melhor em Casa"" OR ""atencao domiciliar"" qualidade",Lista de reclamações: HOME CARE MELHOR EM CASA,Qual a reputação de HOME CARE MELHOR EM CASA ? Sem reputação definida. Essa empresa ainda não possui 10 reclamações avaliadas para calcularmos a reputação.,https://www.reclameaqui.com.br/empresa/home-care-melhor-em-casa/lista-reclamacoes/?problema=0000000000000004,Reclame Aqui,['MELHOR EM CASA'],1,PA
"""Melhor em Casa"" OR ""atencao domiciliar"" qualidade",Programa Melhor em Casa é lançado para fortalecer ...,"A proposta do Melhor em Casa é oferecer um atendimento clínico de qualidade com serviços como curativos, administração de medicamentos ...",https://www.camacari.ba.gov.br/programa-melhor-em-casa-e-lancado-para-fortalecer-cuidado-domiciliar-em-saude/,Prefeitura de Camaçari,28 de mai. de 2025,5,PA
"""Melhor em Casa"" OR ""atencao domiciliar"" qualidade",PROGRAMA MELHOR EM CASA LEVA DIGNIDADE E ...,"A Secretaria da Saúde ainda fornece para pacientes do Melhor em Casa fralda (com solicitação médica), dieta enteral para paciente com sonda, ...",https://trindade.go.gov.br/programa-melhor-em-casa-leva-dignidade-e-conforto-a-pacientes-atendidos-no-lar/,Prefeitura Municipal de Trindade,26 de fev. de 2024,1,PA
"""Melhor em Casa"" OR ""atencao domiciliar"" qualidade","Prefeitura de Capanema on Instagram: ""O programa Melhor ...","... Melhor em Casa”, iniciativa do Governo Federal, acontece em Rancharia por meio da Equipe Multiprofissional de Atenção Domiciliar (Emad). As ...",https://www.instagram.com/reel/DOG0TNpEdRF/,Instagram · prefeituracapanema,,3,NA
"""Melhor em Casa"" OR ""atencao domiciliar"" qualidade",“Melhor em Casa” leva saúde e...,"“A equipe do Melhor em Casa está nas ruas todos os dias, garantindo que os pacientes recebam a assistência necessária, sem precisar se deslocar de casa”, ...",https://www.castilho.sp.gov.br/portal/noticias/0/3/10045/melhor-em-casa-leva-saude-e-humanizacao-a-pacientes-acamados-em-castilho,Prefeitura Municipal de Castilho - SP,['Melhor em Casa'],6,SE
"""Melhor em Casa"" OR ""atencao domiciliar"" qualidade",Programa “Melhor em Casa” recebe novos equipamentos,"O programa ""Melhor em Casa"" é um serviço de Atenção Domiciliar (SAD) do SUS, que oferece atendimento médico e de enfermagem em casa, com o ...",https://estanciavelha.rs.gov.br/noticia/visualizar/idDep/1003/id/3333/?programa-melhor-em-casa-recebe-novos-equipamentos.html,estanciavelha.rs.gov.br,6 de mai. de 2025,7,RS
"""Melhor em Casa"" OR ""atencao domiciliar"" qualidade",Grupo de Cuidadoras do Programa Melhor em Casa de Canoas/ ...,"Melhor em Casa (PMeC) de Canoas/RS, que em grande ... regulamenta e qualifica atenção domiciliar no âmbito do SUS. ... cuidadores/as enquanto prevenção e qualidade ...",https://editora.pucrs.br/edipucrs/acessolivre/anais/serpinf-senpinf/assets/edicoes/2022/arquivos/30.pdf,Editora da PUCRS,"['Melhor em Casa', 'atenção domiciliar', 'qualidade']",8,RS
"""Melhor em Casa"" OR ""atencao domiciliar"" qualidade",IMPLANTAÇÃO E CONSOLIDAÇÃO DO PROGRAMA MELHOR ...,"... Melhor em Casa no município de Campo Mourão, Paraná, a partir de 2022, com foco na atenção domiciliar a pacientes que necessitam de cuidados contínuos ...",https://congresso.cosemspr.org.br/experiencia-mostra/cuidar-com-humanizacao-implantacao-e-consolidacao-do-programa-melhor-em-casa-no-municipio-de-campo/,Congresso COSEMS/PR,"['Melhor em Casa', 'atenção domiciliar']",9,PA
